"","Year","Site","Transect","prop_CCA","prop_macro","prop_turf","Observer"
"1",1999,"Coral City",1,0.668888888888889,0.261111111111111,0.07,NA
"2",1999,"Coral City",2,0.667783094098884,0.256778309409888,0.0754385964912281,NA
"3",1999,"Coral City",3,0.450557297109021,0.352569371879717,0.196873331011262,NA
"4",1999,"Coral City",4,0.566931216931217,0.361375661375661,0.0716931216931217,NA
"5",1999,"Coral City",5,0.561960784313726,0.414509803921569,0.0235294117647059,NA
"6",1999,"Coral City",6,0.379149825783972,0.307456445993031,0.313393728222996,NA
"7",1999,"Coral City",7,0.373236621534494,0.196366399557889,0.430396978907617,NA
"8",1999,"Coral City",8,0.224170771756979,0.221182266009852,0.554646962233169,NA
"9",1999,"Coral City",9,0.271306471306471,0.370695970695971,0.357997557997558,NA
"10",1999,"Coral City",10,0.298020270910296,0.296176944207635,0.405802784882069,NA
"11",1999,"Coral City",11,0.522372077905478,0.174152998878821,0.303474923215701,NA
"12",1999,"Coral City",12,0.231233766233766,0.27474025974026,0.494025974025974,NA
"13",1999,"Coral City",13,0.309059011164274,0.25377990430622,0.437161084529506,NA
"14",1999,"Coral City",14,0.360435848980741,0.279332019889295,0.360232131129964,NA
"15",1999,"Coral City",15,0.252270822859058,0.314152840623429,0.433576336517513,NA
"16",1999,"Grundys  Gardens ",1,0.213714285714286,0.207690791966654,0.57859492231906,NA
"17",1999,"Grundys  Gardens ",2,0.151943755169562,0.526732837055418,0.321323407775021,NA
"18",1999,"Grundys  Gardens ",3,0.148965045332725,0.309618520841649,0.541416433825626,NA
"19",1999,"Grundys  Gardens ",4,0.126190476190476,0.296428571428571,0.577380952380952,NA
"20",1999,"Grundys  Gardens ",5,0.241893632683106,0.411633181060426,0.346473186256468,NA
"21",1999,"Grundys  Gardens ",6,0.282765036382058,0.374690982776089,0.342543980841853,NA
"22",1999,"Grundys  Gardens ",7,0.335643794264484,0.251972309299896,0.412383896435621,NA
"23",1999,"Grundys  Gardens ",8,0.272890559732665,0.336737677527151,0.390371762740184,NA
"24",1999,"Grundys  Gardens ",9,0.272878787878788,0.627121212121212,0.1,NA
"25",1999,"Grundys  Gardens ",10,0.292497868712702,0.507502131287297,0.2,NA
"26",1999,"Grundys  Gardens ",11,0.476923076923077,0.376923076923077,0.146153846153846,NA
"27",1999,"Jigsaw",1,0.332950191570881,0.378451012588944,0.288598795840175,NA
"28",1999,"Jigsaw",2,0.129340659340659,0.473956043956044,0.396703296703297,NA
"29",1999,"Jigsaw",3,0.229510006901311,0.299797561536692,0.470692431561997,NA
"30",1999,"Jigsaw",4,0.575230158730159,0.328650793650794,0.0961190476190476,NA
"31",1999,"Jigsaw",5,0.617592592592593,0.296759259259259,0.0856481481481481,NA
"32",1999,"Jigsaw",6,0.426719576719577,0.272751322751323,0.300529100529101,NA
"33",1999,"Jigsaw",7,0.473258297258297,0.308186628186628,0.218555074555075,NA
"34",1999,"Jigsaw",8,0.492442645074224,0.275386455649614,0.232170899276162,NA
"35",1999,"Jigsaw",9,0.587922077922078,0.278149350649351,0.133928571428571,NA
"36",1999,"Jigsaw",10,0.448989898989899,0.297474747474747,0.253535353535354,NA
"37",1999,"Jigsaw",11,0.513637885699543,0.0453960333536441,0.440966080946813,NA
"38",1999,"Jigsaw",12,0.556073145105403,0.0759595824111953,0.367967272483402,NA
"39",1999,"Jigsaw",13,0.362965613198171,0.227515404492149,0.40951898230968,NA
"40",1999,"Mixing Bowl",1,0.625065590397398,0.24341965560501,0.131514753997592,NA
"41",1999,"Mixing Bowl",2,0.469408369408369,0.263261183261183,0.267330447330447,NA
"42",1999,"Mixing Bowl",3,0.417004048582996,0.235735492577598,0.347260458839406,NA
"43",1999,"Mixing Bowl",4,0.439670868347339,0.316958450046685,0.243370681605976,NA
"44",1999,"Mixing Bowl",5,0.428831168831169,0.184155844155844,0.387012987012987,NA
"45",1999,"Mixing Bowl",6,0.47948717948718,0.520512820512821,0,NA
"46",1999,"Mixing Bowl",7,0.517919245505452,0.482080754494548,0,NA
"47",1999,"Mixing Bowl",8,0.426666666666667,0.573333333333333,0,NA
"48",1999,"Mixing Bowl",9,0.628398268398268,0.371601731601732,0,NA
"49",1999,"Mixing Bowl",10,0.510646850359906,0.365150522998443,0.124202626641651,NA
"50",1999,"Mixing Bowl",11,0.27021645021645,0.426493506493506,0.303290043290043,NA
"51",1999,"Mixing Bowl",12,0.356616161616162,0.368252525252525,0.275131313131313,NA
"52",1999,"Mixing Bowl",13,0,0.29,0.71,NA
"53",1999,"Mixing Bowl",14,0.272727272727273,0.398484848484848,0.328787878787879,NA
"54",1999,"Mixing Bowl",15,0.50934112775545,0.49065887224455,0,NA
"55",1999,"Pauls Anchor",1,0.472922929660041,0.489911906791702,0.0371651635482568,NA
"56",1999,"Pauls Anchor",2,0.505139594704812,0.47667858711337,0.0181818181818182,NA
"57",1999,"Pauls Anchor",3,0.550980392156863,0.449019607843137,0,NA
"58",1999,"Pauls Anchor",4,0.233954451345756,0.465424430641822,0.300621118012422,NA
"59",1999,"Pauls Anchor",5,0.231361231361231,0.493362193362193,0.275276575276575,NA
"60",1999,"Pauls Anchor",6,0.157602339181287,0.517543859649123,0.324853801169591,NA
"61",1999,"Pauls Anchor",7,0.605120285120285,0.242197802197802,0.152681912681913,NA
"62",1999,"Pauls Anchor",8,0.548228888228888,0.364462132462132,0.0873089793089793,NA
"63",1999,"Pauls Anchor",9,0.405727289873631,0.315635268074292,0.278637442052076,NA
"64",1999,"Pauls Anchor",10,0.528663924770119,0.39053243973598,0.080803635493901,NA
"65",1999,"Pauls Anchor",11,0.336840512702582,0.348246813764055,0.314912673533363,NA
"66",1999,"Pauls Anchor",12,0.484144482968012,0.403138430197254,0.112717086834734,NA
"67",1999,"Sailfin",1,0.450579710144928,0.469933110367893,0.0794871794871795,NA
"68",1999,"Sailfin",2,0.475964912280702,0.524035087719298,0,NA
"69",1999,"Sailfin",3,0.394799658994032,0.571504688832055,0.033695652173913,NA
"70",1999,"Sailfin",4,0.478809523809524,0.521190476190476,0,NA
"71",1999,"Sailfin",5,0.426218487394958,0.42140056022409,0.152380952380952,NA
"72",1999,"Sailfin",6,0.208894572321682,0.48983612768779,0.301269299990528,NA
"73",1999,"Sailfin",7,0.287308377896613,0.296256684491979,0.416434937611408,NA
"74",1999,"Sailfin",8,0.384962406015038,0.461553884711779,0.153483709273183,NA
"75",1999,"Sailfin",9,0.285087719298246,0.427719298245614,0.28719298245614,NA
"76",1999,"Sailfin",10,0.298938780517728,0.547963440068703,0.153097779413569,NA
"77",1999,"Snapshot",1,0.506227106227106,0.493772893772894,0,NA
"78",1999,"Snapshot",2,0.560057005258244,0.439942994741756,0,NA
"79",1999,"Snapshot",3,0.324761904761905,0.675238095238095,0,NA
"80",1999,"Snapshot",4,0.457735597735598,0.542264402264402,0,NA
"81",1999,"Snapshot",5,0.581601007687964,0.418398992312036,0,NA
"82",1999,"Snapshot",6,0.647284878863826,0.352715121136174,0,NA
"83",1999,"Snapshot",7,0.523416830847171,0.476583169152829,0,NA
"84",1999,"Snapshot",8,0.465897435897436,0.534102564102564,0,NA
"85",1999,"Snapshot",9,0.329019607843137,0.670980392156863,0,NA
"86",1999,"Snapshot",10,0.272201963534362,0.727798036465638,0,NA
"87",1999,"Snapshot",11,0.60234718984719,0.39765281015281,0,NA
"88",1999,"Snapshot",12,0.365269151138716,0.634730848861284,0,NA
"89",1999,"West Point",1,0.270750988142292,0.711067193675889,0.0181818181818182,NA
"90",1999,"West Point",2,0.199707602339181,0.642397660818713,0.157894736842105,NA
"91",1999,"West Point",3,0.29078431372549,0.70921568627451,0,NA
"92",1999,"West Point",4,0.203333333333333,0.616666666666667,0.18,NA
"93",1999,"West Point",5,0.578138528138528,0.379004329004329,0.0428571428571429,NA
"94",1999,"West Point",6,0.290909090909091,0.551363636363636,0.157727272727273,NA
"95",1999,"West Point",7,0.226680672268908,0.560270774976657,0.213048552754435,NA
"96",1999,"West Point",8,0.228626814362108,0.639661955691367,0.131711229946524,NA
"97",1999,"West Point",9,0.323057644110276,0.389540517961571,0.287401837928154,NA
"98",1999,"West Point",10,0.232198142414861,0.631578947368421,0.136222910216718,NA
"99",2002,"Coral City",1,0.184848484848485,0.407575757575758,0,NA
"100",2002,"Coral City",2,0.184848484848485,0.407575757575758,0,NA
"101",2002,"Coral City",3,0.201961722488038,0.399019138755981,0,NA
"102",2002,"Coral City",4,0.214432234432234,0.392783882783883,0,NA
"103",2002,"Coral City",5,0.26238514173998,0.36880742913001,0,NA
"104",2002,"Coral City",6,0.63673301512052,0.18163349243974,0,NA
"105",2002,"Coral City",7,0.340501930501931,0.329749034749035,0,NA
"106",2002,"Coral City",8,0.331114551083591,0.334442724458204,0,NA
"107",2002,"Grundys  Gardens ",1,0.212874800637959,0.393562599681021,0,NA
"108",2002,"Grundys  Gardens ",2,0.40321085558199,0.298394572209005,0,NA
"109",2002,"Grundys  Gardens ",3,0.0473101673101673,0.476344916344916,0,NA
"110",2002,"Grundys  Gardens ",4,0,0.5,0,NA
"111",2002,"Grundys  Gardens ",5,0.178200100553042,0.410899949723479,0,NA
"112",2002,"Grundys  Gardens ",6,0.144582610372084,0.427708694813958,0,NA
"113",2002,"Grundys  Gardens ",7,0.113023088023088,0.443488455988456,0,NA
"114",2002,"Grundys  Gardens ",8,0.00327868852459016,0.498360655737705,0,NA
"115",2002,"Grundys  Gardens ",9,0.04,0.48,0,NA
"116",2002,"Grundys  Gardens ",10,0.15625,0.421875,0,NA
"117",2002,"Grundys  Gardens ",11,0.268253968253968,0.365873015873016,0,NA
"118",2002,"Jigsaw",1,0.186737425894052,0.406631287052974,0,NA
"119",2002,"Jigsaw",2,0.39907604832978,0.30046197583511,0,NA
"120",2002,"Jigsaw",3,0.286875901875902,0.356562049062049,0,NA
"121",2002,"Jigsaw",4,0.253131313131313,0.373434343434343,0,NA
"122",2002,"Jigsaw",5,0.302222222222222,0.348888888888889,0,NA
"123",2002,"Jigsaw",6,0.0181818181818182,0.490909090909091,0,NA
"124",2002,"Jigsaw",7,0,0.5,0,NA
"125",2002,"Jigsaw",8,0.380932400932401,0.3095337995338,0,NA
"126",2002,"Jigsaw",9,0.208957075788062,0.395521462105969,0,NA
"127",2002,"Meadows",1,0.451731601731602,0.274134199134199,0,NA
"128",2002,"Meadows",2,0.426923076923077,0.286538461538462,0,NA
"129",2002,"Meadows",3,0.40050505050505,0.299747474747475,0,NA
"130",2002,"Meadows",4,0.674622077592375,0.162688961203813,0,NA
"131",2002,"Meadows",5,0.0633333333333333,0.468333333333333,0,NA
"132",2002,"Meadows",6,0.341111111111111,0.329444444444444,0,NA
"133",2002,"Meadows",7,0.448069498069498,0.275965250965251,0,NA
"134",2002,"Meadows",8,0.783030303030303,0.108484848484848,0,NA
"135",2002,"Sailfin",1,0.334943658036878,0.332528170981561,0,NA
"136",2002,"Sailfin",2,0.0765450141409221,0.461727492929539,0,NA
"137",2002,"Sailfin",3,0.0840802675585284,0.457959866220736,0,NA
"138",2002,"Sailfin",4,0,0.5,0,NA
"139",2002,"Sailfin",5,0.0429337231968811,0.478533138401559,0,NA
"140",2002,"Sailfin",6,0.0515527950310559,0.474223602484472,0,NA
"141",2002,"Sailfin",7,0,0.5,0,NA
"142",2002,"Sailfin",8,0.465806983924199,0.267096508037901,0,NA
"143",2002,"Sailfin",9,0.366893939393939,0.31655303030303,0,NA
"144",2002,"Sailfin",10,0.379365079365079,0.31031746031746,0,NA
"145",2002,"Sailfin",11,0,0.5,0,NA
"146",2003,"Pauls Anchor",1,0.008,0.496,0,NA
"147",2003,"Pauls Anchor",2,0,0.5,0,NA
"148",2003,"Pauls Anchor",3,0,0.5,0,NA
"149",2003,"Pauls Anchor",4,0,0.5,0,NA
"150",2003,"Pauls Anchor",5,0.106551134807316,0.446724432596342,0,NA
"151",2003,"Pauls Anchor",6,0.104970760233918,0.447514619883041,0,NA
"152",2003,"Pauls Anchor",7,0.161991341991342,0.419004329004329,0,NA
"153",2003,"Pauls Anchor",8,0.281834215167548,0.359082892416226,0,NA
"154",2003,"Pauls Anchor",9,0.546006404676035,0.226996797661982,0,NA
"155",2003,"Richardss Reef",1,0.25,0.375,0,NA
"156",2003,"Richardss Reef",2,0.0888888888888889,0.455555555555556,0,NA
"157",2003,"Richardss Reef",3,0.107142857142857,0.446428571428571,0,NA
"158",2003,"Richardss Reef",4,0.666772486772487,0.166613756613757,0,NA
"159",2003,"Richardss Reef",5,0.713131313131313,0.143434343434343,0,NA
"160",2003,"Richardss Reef",6,0.626666666666667,0.186666666666667,0,NA
"161",2003,"Richardss Reef",7,0.496969696969697,0.251515151515152,0,NA
"162",2003,"Richardss Reef",8,0.179460784313726,0.410269607843137,0,NA
"163",2003,"Richardss Reef",9,0.646406926406926,0.176796536796537,0,NA
"164",2003,"Richardss Reef",10,0.466666666666667,0.266666666666667,0,NA
"165",2003,"Richardss Reef",11,0.136363636363636,0.43030303030303,0,NA
"166",2003,"Snapshot",1,0.0784778139747714,0.460761093012614,0,NA
"167",2003,"Snapshot",2,0.173333333333333,0.413333333333333,0,NA
"168",2003,"Snapshot",3,0.387456687456687,0.306271656271656,0,NA
"169",2003,"Snapshot",4,0.586363636363636,0.206818181818182,0,NA
"170",2003,"Snapshot",5,0.515064935064935,0.242467532467532,0,NA
"171",2003,"Snapshot",6,0,0.5,0,NA
"172",2003,"Snapshot",7,0.0367647058823529,0.481617647058824,0,NA
"173",2003,"Snapshot",8,0.25190807505798,0.37404596247101,0,NA
"174",2003,"Snapshot",9,0.286147186147186,0.356926406926407,0,NA
"175",2003,"West Point",1,0.58444976076555,0.207775119617225,0,NA
"176",2003,"West Point",2,0,0.5,0,NA
"177",2003,"West Point",3,0.50465367965368,0.24767316017316,0,NA
"178",2003,"West Point",4,0.300722394220846,0.349638802889577,0,NA
"179",2003,"West Point",5,0.643116108697504,0.178441945651248,0,NA
"180",2003,"West Point",6,0.085,0.4575,0,NA
"181",2003,"West Point",7,0.518268928134289,0.240865535932855,0,NA
"182",2003,"West Point",8,0.903647679574731,0.0481761602126344,0,NA
"183",2004,"Coral City",1,0,0.5,0,NA
"184",2004,"Coral City",2,0.0511494252873563,0.474425287356322,0,NA
"185",2004,"Coral City",3,0.12029304029304,0.43985347985348,0,NA
"186",2004,"Coral City",4,0.13040404040404,0.43479797979798,0,NA
"187",2004,"Coral City",5,0.105,0.4475,0,NA
"188",2004,"Coral City",6,0.290849673202614,0.354575163398693,0,NA
"189",2004,"Coral City",7,0.685873935588221,0.157063032205889,0,NA
"190",2004,"Coral City",8,0.491615956727519,0.254192021636241,0,NA
"191",2004,"Grundys  Gardens ",1,0.0142857142857143,0.492857142857143,0,NA
"192",2004,"Grundys  Gardens ",2,0.165391849529781,0.41730407523511,0,NA
"193",2004,"Grundys  Gardens ",3,0.0690540831717302,0.465472958414135,0,NA
"194",2004,"Grundys  Gardens ",4,0.100616144824536,0.449691927587732,0,NA
"195",2004,"Grundys  Gardens ",5,0.334688398849473,0.332655800575264,0,NA
"196",2004,"Grundys  Gardens ",6,0.75406162464986,0.12296918767507,0,NA
"197",2004,"Grundys  Gardens ",7,0.69417334438611,0.152913327806945,0,NA
"198",2004,"Grundys  Gardens ",8,0.470207039337474,0.264896480331263,0,NA
"199",2004,"Jigsaw",1,0.0869565217391304,0.456521739130435,0,NA
"200",2004,"Jigsaw",2,0,0.5,0,NA
"201",2004,"Jigsaw",3,0.155,0.4225,0,NA
"202",2004,"Jigsaw",4,0.0613636363636364,0.469318181818182,0,NA
"203",2004,"Jigsaw",5,0.305734021394399,0.347132989302801,0,NA
"204",2004,"Jigsaw",6,0.0500599874653058,0.474970006267347,0,NA
"205",2004,"Jigsaw",7,0,0.5,0,NA
"206",2004,"Jigsaw",8,0,0.5,0,NA
"207",2004,"Jigsaw",9,0,0.5,0,NA
"208",2004,"Jigsaw",10,0,0.5,0,NA
"209",2004,"Jigsaw",11,0,0.5,0,NA
"210",2004,"Mixing Bowl",1,0,0.5,0,NA
"211",2004,"Mixing Bowl",2,0,0.5,0,NA
"212",2004,"Mixing Bowl",3,0,0.5,0,NA
"213",2004,"Mixing Bowl",4,0.037037037037037,0.481481481481481,0,NA
"214",2004,"Mixing Bowl",5,0.374219640009114,0.312890179995443,0,NA
"215",2004,"Mixing Bowl",6,0.272857142857143,0.363571428571429,0,NA
"216",2004,"Mixing Bowl",7,0.325793650793651,0.337103174603175,0,NA
"217",2004,"Mixing Bowl",8,0.556960950764007,0.221519524617997,0,NA
"218",2004,"Mixing Bowl",9,0.200412766121226,0.399793616939387,0,NA
"219",2004,"Pauls Anchor",1,0.12967032967033,0.435164835164835,0,NA
"220",2004,"Pauls Anchor",2,0,0.5,0,NA
"221",2004,"Pauls Anchor",3,0.151218896046482,0.424390551976759,0,NA
"222",2004,"Pauls Anchor",4,0.343525522096951,0.328237238951525,0,NA
"223",2004,"Pauls Anchor",5,0.0864035087719298,0.456798245614035,0,NA
"224",2004,"Pauls Anchor",6,0.111111111111111,0.444444444444444,0,NA
"225",2004,"Pauls Anchor",7,0,0.5,0,NA
"226",2004,"Pauls Anchor",8,0,0.5,0,NA
"227",2004,"Pauls Anchor",9,0.216742081447964,0.391628959276018,0,NA
"228",2004,"Pauls Anchor",10,0.352930402930403,0.323534798534799,0,NA
"229",2004,"Richardss Reef",1,0,0.469239623707709,0.0606461244333585,NA
"230",2004,"Richardss Reef",2,0,0.484025778143425,0.18786507610037,NA
"231",2004,"Richardss Reef",3,0,0.465648148148148,0.233981481481481,NA
"232",2004,"Richardss Reef",4,0,0.35,0.3,NA
"233",2004,"Richardss Reef",5,0,0.189775910364146,0.129084967320261,NA
"234",2004,"Richardss Reef",6,0,0.585875485875486,0.0533312533312533,NA
"235",2004,"Richardss Reef",7,0,0.392910052910053,0.318624338624339,NA
"236",2004,"Richardss Reef",8,0,0.270562770562771,0.346455627705628,NA
"237",2004,"Richardss Reef",9,0,0.560277282630224,0.120055456526045,NA
"238",2004,"Richardss Reef",10,0,0.410992723492723,0.0543139293139293,NA
"239",2004,"Richardss Reef",11,0,0.519570135746606,0.311349924585219,NA
"240",2004,"Richardss Reef",12,0,0.392910052910053,0.318624338624339,NA
"241",2004,"Richardss Reef",13,0,0.270562770562771,0.346455627705628,NA
"242",2004,"Richardss Reef",14,0,0.560277282630224,0.120055456526045,NA
"243",2004,"Richardss Reef",15,0,0.410992723492723,0.0543139293139293,NA
"244",2004,"Richardss Reef",16,0,0.545296003016591,0.285020739064857,NA
"245",2004,"Richardss Reef",26,0,0.416666666666667,0.416666666666667,NA
"246",2004,"Sailfin",1,0.558333333333333,0.220833333333333,0,NA
"247",2004,"Sailfin",2,0.383492063492063,0.308253968253968,0,NA
"248",2004,"Sailfin",3,0.170832683205908,0.414583658397046,0,NA
"249",2004,"Sailfin",4,0.182462550527067,0.408768724736467,0,NA
"250",2004,"Sailfin",5,0.0105263157894737,0.494736842105263,0,NA
"251",2004,"Sailfin",6,0.0599854756717502,0.470007262164125,0,NA
"252",2004,"Sailfin",7,0,0.5,0,NA
"253",2004,"Sailfin",8,0,0.5,0,NA
"254",2004,"Sailfin",9,0,0.5,0,NA
"255",2004,"Sailfin",10,0,0.5,0,NA
"256",2004,"Snapshot",1,0.0656084656084656,0.467195767195767,0,NA
"257",2004,"Snapshot",2,0,0.5,0,NA
"258",2004,"Snapshot",3,0,0.5,0,NA
"259",2004,"Snapshot",4,0,0.5,0,NA
"260",2004,"Snapshot",5,0,0.5,0,NA
"261",2004,"Snapshot",6,0.178524743230626,0.410737628384687,0,NA
"262",2004,"Snapshot",7,0.13,0.435,0,NA
"263",2004,"Snapshot",8,0.0466131907308378,0.476693404634581,0,NA
"264",2004,"Snapshot",9,0.0607373271889401,0.46963133640553,0,NA
"265",2004,"Snapshot",10,0.787570093457944,0.106214953271028,0,NA
"266",2004,"Snapshot",11,0.217249004865104,0.391375497567448,0,NA
"267",2004,"West Point",1,0.141312741312741,0.429343629343629,0,NA
"268",2004,"West Point",2,0.119848024316109,0.440075987841945,0,NA
"269",2004,"West Point",3,0.0553890608875129,0.472305469556244,0,NA
"270",2004,"West Point",4,0.0419047619047619,0.479047619047619,0,NA
"271",2004,"West Point",5,0,0.5,0,NA
"272",2004,"West Point",6,0,0.5,0,NA
"273",2004,"West Point",7,0,0.5,0,NA
"274",2004,"West Point",8,0,0.5,0,NA
"275",2004,"West Point",9,0.00952380952380952,0.495238095238095,0,NA
"276",2004,"West Point",10,0,0.5,0,NA
"277",2005,"Coral City",1,0.269272125723739,0.365363937138131,0,NA
"278",2005,"Coral City",2,0.564844517184943,0.217577741407529,0,NA
"279",2005,"Coral City",3,0.227251632412923,0.386374183793539,0,NA
"280",2005,"Coral City",4,0.144955403087479,0.427522298456261,0,NA
"281",2005,"Coral City",5,0.185576265839424,0.407211867080288,0,NA
"282",2005,"Coral City",6,0.153912284667949,0.423043857666025,0,NA
"283",2005,"Coral City",7,0.2609311457633,0.36953442711835,0,NA
"284",2005,"Coral City",8,0.192023277269179,0.403988361365411,0,NA
"285",2005,"Coral City",9,0.0593846153846154,0.470307692307692,0,NA
"286",2005,"Coral City",10,0.243589743589744,0.378205128205128,0,NA
"287",2005,"Coral City",11,0.366838399655737,0.316580800172131,0,NA
"288",2005,"Coral City",12,0.325152625152625,0.337423687423687,0,NA
"289",2005,"Coral City",13,0.194444444444444,0.402777777777778,0,NA
"290",2005,"Coral City",14,0.0909598606467677,0.454520069676616,0,NA
"291",2005,"Grundys  Gardens ",1,0.0861217348631536,0.456939132568423,0,NA
"292",2005,"Grundys  Gardens ",2,0.253952557430818,0.373023721284591,0,NA
"293",2005,"Grundys  Gardens ",3,0,0.5,0,NA
"294",2005,"Grundys  Gardens ",4,0.0222710622710623,0.488864468864469,0,NA
"295",2005,"Grundys  Gardens ",5,0.31011655011655,0.344941724941725,0,NA
"296",2005,"Grundys  Gardens ",6,0.281968684909861,0.359015657545069,0,NA
"297",2005,"Grundys  Gardens ",7,0.273950604103276,0.363024697948362,0,NA
"298",2005,"Grundys  Gardens ",8,0.146861914499951,0.426569042750024,0,NA
"299",2005,"Grundys  Gardens ",9,0.216515151515152,0.391742424242424,0,NA
"300",2005,"Grundys  Gardens ",10,0.148768472906404,0.425615763546798,0,NA
"301",2005,"Grundys  Gardens ",11,0.0659159159159159,0.467042042042042,0,NA
"302",2005,"Grundys  Gardens ",12,0.105714285714286,0.447142857142857,0,NA
"303",2005,"Grundys  Gardens ",13,0.374605786370492,0.312697106814754,0,NA
"304",2005,"Grundys  Gardens ",14,0.331868131868132,0.334065934065934,0,NA
"305",2005,"Pauls Anchor",1,0.130305968670988,0.434847015664506,0,NA
"306",2005,"Pauls Anchor",2,0.310053908355795,0.344973045822102,0,NA
"307",2005,"Pauls Anchor",3,0.167562440102486,0.416218779948757,0,NA
"308",2005,"Pauls Anchor",4,0.149757272864951,0.425121363567524,0,NA
"309",2005,"Pauls Anchor",5,0.329071213075622,0.335464393462189,0,NA
"310",2005,"Pauls Anchor",6,0.430170216306273,0.284914891846864,0,NA
"311",2005,"Pauls Anchor",7,0.175533277638541,0.41223336118073,0,NA
"312",2005,"West Point",1,0.0403846153846154,0.479807692307692,0,NA
"313",2005,"West Point",2,0.0911538461538462,0.454423076923077,0,NA
"314",2005,"West Point",3,0.145026455026455,0.427486772486772,0,NA
"315",2005,"West Point",4,0.0884884618838107,0.455755769058095,0,NA
"316",2005,"West Point",5,0.120404411764706,0.439797794117647,0,NA
"317",2005,"West Point",6,0.102407281539053,0.448796359230474,0,NA
"318",2005,"West Point",7,0.157112135176651,0.421443932411674,0,NA
"319",2005,"West Point",8,0.0688190458994828,0.465590477050259,0,NA
"320",2005,"West Point",9,0.305007519691395,0.347496240154302,0,NA
"321",2005,"West Point",10,0.196296296296296,0.401851851851852,0,NA
"322",2005,"West Point",11,0.497549967762734,0.251225016118633,0,NA
"323",2005,"West Point",12,0.0591546227403754,0.470422688629812,0,NA
"324",2006,"Coral City",1,0.0881766381766382,0.455911680911681,0,NA
"325",2006,"Coral City",2,0.0844919786096257,0.457754010695187,0,NA
"326",2006,"Coral City",3,0.219047619047619,0.39047619047619,0,NA
"327",2006,"Coral City",4,0.0514285714285714,0.474285714285714,0,NA
"328",2006,"Coral City",5,0.22807734204793,0.385961328976035,0,NA
"329",2006,"Coral City",6,0.0541763482939954,0.472911825853002,0,NA
"330",2006,"Coral City",7,0.0021505376344086,0.498924731182796,0,NA
"331",2006,"Coral City",8,0.277777777777778,0.361111111111111,0,NA
"332",2006,"Grundys  Gardens ",1,0.0403361344537815,0.479831932773109,0,NA
"333",2006,"Grundys  Gardens ",2,0.2375,0.38125,0,NA
"334",2006,"Grundys  Gardens ",3,0.0217622708456535,0.489118864577173,0,NA
"335",2006,"Grundys  Gardens ",4,0.0815408085430969,0.459229595728452,0,NA
"336",2006,"Grundys  Gardens ",5,0.0526315789473684,0.473684210526316,0,NA
"337",2006,"Grundys  Gardens ",6,0.12,0.44,0,NA
"338",2006,"Grundys  Gardens ",7,0.054459095891321,0.47277045205434,0,NA
"339",2006,"Grundys  Gardens ",8,0.104738562091503,0.447630718954248,0,NA
"340",2006,"Jigsaw",1,0,0.5,0,NA
"341",2006,"Jigsaw",2,0.0961538461538462,0.451923076923077,0,NA
"342",2006,"Jigsaw",3,0.244047619047619,0.37797619047619,0,NA
"343",2006,"Jigsaw",4,0.23997927137462,0.38001036431269,0,NA
"344",2006,"Jigsaw",5,0.171153846153846,0.414423076923077,0,NA
"345",2006,"Jigsaw",6,0,0.5,0,NA
"346",2006,"Jigsaw",7,0.0245869218500797,0.48770653907496,0,NA
"347",2006,"Jigsaw",8,0,0.5,0,NA
"348",2006,"Jigsaw",9,0,0.5,0,NA
"349",2006,"Mixing Bowl",1,0.259480519480519,0.37025974025974,0,NA
"350",2006,"Mixing Bowl",2,0.377232436761482,0.311383781619259,0,NA
"351",2006,"Mixing Bowl",3,0.117037037037037,0.441481481481481,0,NA
"352",2006,"Mixing Bowl",4,0.167114337568058,0.416442831215971,0,NA
"353",2006,"Mixing Bowl",5,0.406060606060606,0.296969696969697,0,NA
"354",2006,"Mixing Bowl",6,0.04,0.48,0,NA
"355",2006,"Mixing Bowl",7,0,0.5,0,NA
"356",2006,"Mixing Bowl",8,0.0615384615384615,0.469230769230769,0,NA
"357",2006,"Pauls Anchor",1,0.033329083258957,0.483335458370521,0,NA
"358",2006,"Pauls Anchor",2,0.167542617361657,0.416228691319171,0,NA
"359",2006,"Pauls Anchor",3,0.159916879795396,0.420041560102302,0,NA
"360",2006,"Pauls Anchor",4,0.211263736263736,0.394368131868132,0,NA
"361",2006,"Pauls Anchor",5,0.186571428571429,0.406714285714286,0,NA
"362",2006,"Pauls Anchor",6,0.169092039800995,0.415453980099502,0,NA
"363",2006,"Pauls Anchor",7,0.0133333333333333,0.493333333333333,0,NA
"364",2006,"Pauls Anchor",8,0.0933333333333333,0.453333333333333,0,NA
"365",2006,"Pauls Anchor",9,0,0.5,0,NA
"366",2006,"Sailfin",1,0,0.5,0,NA
"367",2006,"Sailfin",2,0,0.5,0,NA
"368",2006,"Sailfin",3,0,0.5,0,NA
"369",2006,"Sailfin",4,0.303307294593683,0.348346352703158,0,NA
"370",2006,"Sailfin",5,0.33604336839631,0.331978315801845,0,NA
"371",2006,"Sailfin",6,0.500175032300529,0.249912483849735,0,NA
"372",2006,"Sailfin",7,0,0.5,0,NA
"373",2006,"Snapshot",1,0.0992275698158051,0.450386215092097,0,NA
"374",2006,"Snapshot",2,0.114164904862579,0.44291754756871,0,NA
"375",2006,"Snapshot",3,0.229175750621534,0.385412124689233,0,NA
"376",2006,"Snapshot",4,0.169920333724888,0.415039833137556,0,NA
"377",2006,"Snapshot",5,0.024390243902439,0.48780487804878,0,NA
"378",2006,"Snapshot",6,0.0964083454917281,0.451795827254136,0,NA
"379",2006,"Snapshot",7,0.0750964830376595,0.46245175848117,0,NA
"380",2006,"West Point",1,0.0806339254615117,0.459683037269244,0,NA
"381",2006,"West Point",2,0,0.5,0,NA
"382",2006,"West Point",3,0.0576987784361056,0.471150610781947,0,NA
"383",2006,"West Point",4,0.0511162290803009,0.47444188545985,0,NA
"384",2006,"West Point",5,0.008,0.496,0,NA
"385",2006,"West Point",6,0.159256429844665,0.420371785077667,0,NA
"386",2006,"West Point",7,0.0117647058823529,0.494117647058824,0,NA
"387",2007,"Coral City",1,0.0783928127240537,0.460803593637973,0,NA
"388",2007,"Coral City",2,0.0290488802207422,0.485475559889629,0,NA
"389",2007,"Coral City",3,0.200527472527473,0.399736263736264,0,NA
"390",2007,"Coral City",4,0.145193266090568,0.427403366954716,0,NA
"391",2007,"Coral City",5,0.00540540540540541,0.497297297297297,0,NA
"392",2007,"Coral City",6,0.0196078431372549,0.490196078431373,0,NA
"393",2007,"Coral City",7,0.0726307353235824,0.463684632338209,0,NA
"394",2007,"Coral City",8,0.267765567765568,0.366117216117216,0,NA
"395",2007,"Grundys  Gardens ",1,0.0891180654338549,0.455440967283073,0,NA
"396",2007,"Grundys  Gardens ",2,0.222125603864734,0.388937198067633,0,NA
"397",2007,"Grundys  Gardens ",3,0,0.5,0,NA
"398",2007,"Grundys  Gardens ",4,0,0.5,0,NA
"399",2007,"Grundys  Gardens ",5,0,0.5,0,NA
"400",2007,"Grundys  Gardens ",6,0,0.5,0,NA
"401",2007,"Grundys  Gardens ",7,0.0184736516104441,0.490763174194778,0,NA
"402",2007,"Grundys  Gardens ",8,0.1062424969988,0.4468787515006,0,NA
"403",2007,"Grundys  Gardens ",9,0.0622222222222222,0.468888888888889,0,NA
"404",2007,"Grundys  Gardens ",10,0.20952380952381,0.395238095238095,0,NA
"405",2007,"Grundys  Gardens ",11,0.1127331002331,0.44363344988345,0,NA
"406",2007,"Grundys  Gardens ",12,0.468181818181818,0.265909090909091,0,NA
"407",2007,"Jigsaw",1,0,0.5,0,NA
"408",2007,"Jigsaw",2,0.0105263157894737,0.494736842105263,0,NA
"409",2007,"Jigsaw",3,0.130962384953982,0.434518807523009,0,NA
"410",2007,"Jigsaw",4,0.107177033492823,0.446411483253589,0,NA
"411",2007,"Jigsaw",5,0.00512820512820513,0.497435897435897,0,NA
"412",2007,"Jigsaw",6,0.119017094017094,0.440491452991453,0,NA
"413",2007,"Jigsaw",7,0.2,0.4,0,NA
"414",2007,"Jigsaw",8,0,0.5,0,NA
"415",2007,"Jigsaw",9,0,0.5,0,NA
"416",2007,"Pauls Anchor",1,0.212432730588976,0.393783634705512,0,NA
"417",2007,"Pauls Anchor",2,0,0.5,0,NA
"418",2007,"Pauls Anchor",3,0.505244755244755,0.247377622377622,0,NA
"419",2007,"Pauls Anchor",4,0.324664224664225,0.337667887667888,0,NA
"420",2007,"Pauls Anchor",5,0.303146997929607,0.348426501035197,0,NA
"421",2007,"Pauls Anchor",6,0.035978835978836,0.482010582010582,0,NA
"422",2007,"Pauls Anchor",7,0.341071428571429,0.329464285714286,0,NA
"423",2007,"Pauls Anchor",8,0.335606060606061,0.33219696969697,0,NA
"424",2007,"Pauls Anchor",9,0.149573934837093,0.425213032581454,0,NA
"425",2007,"Pauls Anchor",10,0.143896103896104,0.428051948051948,0,NA
"426",2007,"Sailfin",1,0.0537050908586489,0.473147454570676,0,NA
"427",2007,"Sailfin",2,0.0478802550801257,0.476059872459937,0,NA
"428",2007,"Sailfin",3,0.339686337054758,0.330156831472621,0,NA
"429",2007,"Sailfin",4,0.517383107088989,0.241308446455505,0,NA
"430",2007,"Sailfin",5,0.05,0.475,0,NA
"431",2007,"Sailfin",6,0.0656678098971093,0.467166095051445,0,NA
"432",2007,"Sailfin",7,0.126198012513802,0.436900993743099,0,NA
"433",2007,"Sailfin",8,0.10952380952381,0.445238095238095,0,NA
"434",2007,"Sailfin",9,0.0166121112929624,0.491693944353519,0,NA
"435",2007,"Sailfin",10,0.0217772544437384,0.489111372778131,0,NA
"436",2007,"Snapshot",1,0.0304508499630451,0.484774575018477,0,NA
"437",2007,"Snapshot",2,0.149667071970355,0.425166464014822,0,NA
"438",2007,"Snapshot",3,0.186912786912787,0.406543606543607,0,NA
"439",2007,"Snapshot",4,0.39117158426369,0.304414207868155,0,NA
"440",2007,"Snapshot",5,0.270940170940171,0.364529914529915,0,NA
"441",2007,"Snapshot",6,0.0113272311212815,0.494336384439359,0,NA
"442",2007,"Snapshot",7,0.0477801268498943,0.476109936575053,0,NA
"443",2007,"West Point",1,0.0478675310147619,0.476066234492619,0,NA
"444",2007,"West Point",2,0.0116735066119471,0.494163246694026,0,NA
"445",2007,"West Point",3,0.0259109311740891,0.487044534412955,0,NA
"446",2007,"West Point",4,0.0526582278481013,0.473670886075949,0,NA
"447",2007,"West Point",5,0.0127591857313922,0.493620407134304,0,NA
"448",2007,"West Point",6,0.180229885057471,0.409885057471264,0,NA
"449",2007,"West Point",7,0.277777777777778,0.361111111111111,0,NA
"450",2007,"West Point",8,0.00327868852459016,0.498360655737705,0,NA
"451",2007,"West Point",9,0.00869565217391304,0.495652173913044,0,NA
"452",2007,"West Point",10,0.0172413793103448,0.491379310344828,0,NA
"453",2007,"West Point",11,0,0.5,0,NA
"454",2007,"West Point",12,0.0461538461538462,0.476923076923077,0,NA
"455",2007,"West Point",13,0.0425339366515837,0.478733031674208,0,NA
"456",2009,"Coral City",1,0,0.5,0,NA
"457",2009,"Coral City",2,0,0.5,0,NA
"458",2009,"Coral City",3,0,0.5,0,NA
"459",2009,"Coral City",4,0,0.5,0,NA
"460",2009,"Grundys  Gardens ",1,0,0.5,0,NA
"461",2009,"Grundys  Gardens ",2,0,0.5,0,NA
"462",2009,"Grundys  Gardens ",3,0,0.5,0,NA
"463",2009,"Grundys  Gardens ",4,0,0.5,0,NA
"464",2009,"Grundys  Gardens ",5,0,0.5,0,NA
"465",2009,"Grundys  Gardens ",6,0,0.5,0,NA
"466",2009,"Grundys  Gardens ",7,0,0.5,0,NA
"467",2009,"Jigsaw",1,0,0.5,0,NA
"468",2009,"Jigsaw",2,0,0.5,0,NA
"469",2009,"Jigsaw",3,0,0.5,0,NA
"470",2009,"Jigsaw",4,0,0.5,0,NA
"471",2009,"Jigsaw",5,0,0.5,0,NA
"472",2009,"Jigsaw",6,0,0.5,0,NA
"473",2009,"Jigsaw",7,0,0.5,0,NA
"474",2009,"Jigsaw",8,0,0.5,0,NA
"475",2009,"Jigsaw",9,0,0.5,0,NA
"476",2009,"Jigsaw",10,0,0.5,0,NA
"477",2009,"Meadows",1,0,0.5,0,NA
"478",2009,"Meadows",2,0,0.5,0,NA
"479",2009,"Meadows",3,0,0.5,0,NA
"480",2009,"Meadows",4,0,0.5,0,NA
"481",2009,"Meadows",5,0,0.5,0,NA
"482",2009,"Meadows",6,0,0.5,0,NA
"483",2009,"Meadows",7,0,0.5,0,NA
"484",2009,"Mixing Bowl",1,0,0.5,0,NA
"485",2009,"Mixing Bowl",2,0,0.5,0,NA
"486",2009,"Mixing Bowl",3,0,0.5,0,NA
"487",2009,"Mixing Bowl",4,0,0.5,0,NA
"488",2009,"Mixing Bowl",5,0,0.5,0,NA
"489",2009,"Mixing Bowl",6,0,0.5,0,NA
"490",2009,"Richardss Reef",1,0,0.5,0,NA
"491",2009,"Richardss Reef",2,0,0.5,0,NA
"492",2009,"Richardss Reef",3,0,0.5,0,NA
"493",2009,"Richardss Reef",4,0,0.5,0,NA
"494",2009,"Richardss Reef",5,0,0.5,0,NA
"495",2009,"Richardss Reef",6,0,0.5,0,NA
"496",2009,"Richardss Reef",7,0,0.5,0,NA
"497",2009,"Sailfin",1,0,0.5,0,NA
"498",2009,"Sailfin",2,0,0.5,0,NA
"499",2009,"Sailfin",3,0,0.5,0,NA
"500",2009,"Sailfin",4,0,0.5,0,NA
"501",2009,"Sailfin",5,0,0.5,0,NA
"502",2009,"Sailfin",6,0,0.5,0,NA
"503",2009,"Snapshot",1,0,0.5,0,NA
"504",2009,"Snapshot",2,0,0.5,0,NA
"505",2009,"Snapshot",3,0,0.5,0,NA
"506",2009,"Snapshot",4,0,0.5,0,NA
"507",2009,"West Point",1,0,0.5,0,NA
"508",2009,"West Point",2,0,0.5,0,NA
"509",2009,"West Point",3,0,0.5,0,NA
"510",2009,"West Point",4,0,0.5,0,NA
"511",2009,"West Point",5,0,0.5,0,NA
"512",2009,"West Point",6,0,0.5,0,NA
"513",2009,"West Point",7,0,0.5,0,NA
"514",2011,"Coral City",1,0.614646464646465,0.0833333333333333,0.218686868686869,NA
"515",2011,"Coral City",2,0.584957264957265,0.105,0.205042735042735,NA
"516",2011,"Coral City",3,0.585284011220196,0.091505376344086,0.231705236091632,NA
"517",2011,"Coral City",4,0.365765617418038,0.313446826012534,0.00734073055689365,NA
"518",2011,"Coral City",5,0.210919540229885,0.382758620689655,0.0235632183908046,NA
"519",2011,"Coral City",6,0.162317823187388,0.411790559616647,0.0141010575793184,NA
"520",2011,"Grundys  Gardens ",1,0.563709273182957,0.187485380116959,0.0613199665831245,NA
"521",2011,"Grundys  Gardens ",2,0.665873015873016,0.137962962962963,0.0582010582010582,NA
"522",2011,"Grundys  Gardens ",3,0.504203568421208,0.238996567736725,0.0178032961053414,NA
"523",2011,"Grundys  Gardens ",4,0.491623384957645,0.22968818630387,0.049000242434614,NA
"524",2011,"Grundys  Gardens ",5,0.580188290673728,0.122447778758458,0.174916151809356,NA
"525",2011,"Jigsaw",1,0.377729885057471,0.311135057471264,0,NA
"526",2011,"Jigsaw",2,0.262722063374398,0.361883817525033,0.0135103015755351,NA
"527",2011,"Jigsaw",3,0.281105169340463,0.330368161250514,0.0581585081585082,NA
"528",2011,"Jigsaw",4,0.166666666666667,0.216666666666667,0.4,NA
"529",2011,"Jigsaw",5,0.236353276353276,0.343760683760684,0.0761253561253561,NA
"530",2011,"Jigsaw",6,0.147792022792023,0.298008935508936,0.256190106190106,NA
"531",2011,"Meadows",1,0.0268774703557312,0.458584893367502,0.0559527429092646,NA
"532",2011,"Meadows",2,0.152681992337165,0.375968497232865,0.0953810131971052,NA
"533",2011,"Meadows",3,0.157933723196881,0.351348573453837,0.139369129895446,NA
"534",2011,"Meadows",4,0.12,0.20875,0.4625,NA
"535",2011,"Meadows",5,0.0981818181818182,0.365575757575758,0.170666666666667,NA
"536",2011,"Meadows",6,0.130812324929972,0.329953314659197,0.209281045751634,NA
"537",2011,"Mixing Bowl",1,0.494904493936752,0.207663469921534,0.0897685662201791,NA
"538",2011,"Mixing Bowl",2,0.290301639880587,0.316551834130781,0.0765946918578498,NA
"539",2011,"Mixing Bowl",3,0.432737833211054,0.263889704084128,0.0394827586206897,NA
"540",2011,"Mixing Bowl",4,0.129912424740011,0.435043787629995,0,NA
"541",2011,"Mixing Bowl",5,0.357460317460317,0.276825396825397,0.0888888888888889,NA
"542",2011,"Mixing Bowl",6,0.242697947214076,0.355425219941349,0.0464516129032258,NA
"543",2011,"Sailfin",1,0.476666666666667,0.216666666666667,0.09,NA
"544",2011,"Sailfin",2,0.668383838383838,0.165808080808081,0,NA
"545",2011,"Sailfin",3,0.311585677749361,0.326918158567775,0.0345780051150895,NA
"546",2011,"Sailfin",4,0.0235458538182992,0.47691591806639,0.0226223100489213,NA
"547",2011,"Sailfin",5,0.184055555555556,0.379987179487179,0.0559700854700855,NA
"548",2011,"Sailfin",6,0.174338876297832,0.404864010367742,0.0159331029666851,NA
"549",2011,"Snapshot",1,0.258168611574184,0.324356989759467,0.0931174089068826,NA
"550",2011,"Snapshot",2,0.417777777777778,0.283418803418803,0.0153846153846154,NA
"551",2011,"Snapshot",3,0.559163059163059,0.19469696969697,0.0514430014430014,NA
"552",2011,"Snapshot",4,0.398565946754877,0.279133847896525,0.0431663574520717,NA
"553",2011,"Snapshot",5,0.355032679738562,0.316601307189542,0.0117647058823529,NA
"554",2011,"Snapshot",6,0.285955424647181,0.332729058233212,0.0485864588863949,NA
"555",2011,"West Point",1,0.487222222222222,0.224444444444444,0.0638888888888889,NA
"556",2011,"West Point",2,0.334285714285714,0.292813852813853,0.0800865800865801,NA
"557",2011,"West Point",3,0.120203488264272,0.437164984938297,0.00546654185913385,NA
"558",2011,"West Point",4,0.253968253968254,0.363492063492063,0.019047619047619,NA
"559",2011,"West Point",5,0.467968689452065,0.266015655273967,0,NA
"560",2011,"West Point",6,0.3265639589169,0.33671802054155,0,NA
"561",2012,"Coral City",1,0.04,0.0689075630252101,0.445546218487395,NA
"562",2012,"Coral City",2,0.0577962577962578,0.0784119106699752,0.431895915766884,NA
"563",2012,"Coral City",3,0.084390243902439,0.0794139194139194,0.418097918341821,NA
"564",2012,"Coral City",4,0.206786942663122,0.0498084291187739,0.371702314109052,NA
"565",2012,"Coral City",5,0.0198034386605092,0.14596312778131,0.417116716779091,NA
"566",2012,"Coral City",6,0.0571731136247265,0.0611111111111111,0.440857887632081,NA
"567",2012,"Grundys  Gardens ",1,0.062757391357797,0.0413793103448276,0.447931649148688,NA
"568",2012,"Grundys  Gardens ",2,0.100755910755911,0.138888888888889,0.3801776001776,NA
"569",2012,"Grundys  Gardens ",3,0,0.0788607612137024,0.460569619393149,NA
"570",2012,"Grundys  Gardens ",4,0.065,0.235909090909091,0.349545454545455,NA
"571",2012,"Grundys  Gardens ",5,0.0337078651685393,0.237359550561798,0.364466292134831,NA
"572",2012,"Grundys  Gardens ",6,0.139825473085597,0.113131313131313,0.373521606891545,NA
"573",2012,"ICON CREWS",1,0,0.506060606060606,0.246969696969697,NA
"574",2012,"ICON CREWS",2,0,0.37991452991453,0.310042735042735,NA
"575",2012,"ICON CREWS",3,0,0.705490196078431,0.147254901960784,NA
"576",2012,"ICON CREWS",4,0,0.935652618262925,0.0321736908685376,NA
"577",2012,"ICON CREWS",5,0,0.711387163561077,0.144306418219462,NA
"578",2012,"ICON CREWS",6,0,0.542895622895623,0.228552188552189,NA
"579",2012,"Icon",1,0.387901486777891,0.0363636363636364,0.287867438429236,NA
"580",2012,"Icon",2,0.174258622029073,0.0568548387096774,0.384443269630625,NA
"581",2012,"Icon",3,0.483636363636364,0.187962382445141,0.164200626959248,NA
"582",2012,"Icon",4,0.0416788856304985,0.0287878787878788,0.464766617790811,NA
"583",2012,"Icon",5,0.0709104895535247,0.141256038647343,0.393916735899566,NA
"584",2012,"Icon",6,0.0417862515423491,0.0128205128205128,0.472696617818569,NA
"585",2012,"Jigsaw",1,0.231233766233766,0.08,0.344383116883117,NA
"586",2012,"Jigsaw",2,0.356187691780912,0.16987870886176,0.236966799678664,NA
"587",2012,"Jigsaw",3,0.516825396825397,0.04,0.221587301587302,NA
"588",2012,"Jigsaw",4,0.05,0.0871412573988162,0.431429371300592,NA
"589",2012,"Jigsaw",5,0.0165250965250965,0.0954054054054054,0.444034749034749,NA
"590",2012,"Jigsaw",6,0.0103092783505155,0.207183182551371,0.391253769549057,NA
"591",2012,"Meadows",1,0.0780952380952381,0.297142857142857,0.312380952380952,NA
"592",2012,"Meadows",2,0.0466346153846154,0.401955128205128,0.275705128205128,NA
"593",2012,"Meadows",3,0.156483516483516,0.162162162162162,0.340677160677161,NA
"594",2012,"Meadows",4,0.00555555555555555,0.536601307189542,0.228921568627451,NA
"595",2012,"Meadows",5,0.0444444444444444,0.445490196078431,0.255032679738562,NA
"596",2012,"Meadows",6,0.186263736263736,0.128571428571429,0.342582417582418,NA
"597",2012,"Mixing Bowl",1,0.5,0,0.25,NA
"598",2012,"Mixing Bowl",2,0.333333333333333,0,0.333333333333333,NA
"599",2012,"Mixing Bowl",3,0.703703703703704,0,0.148148148148148,NA
"600",2012,"Mixing Bowl",4,0.0285714285714286,0,0.485714285714286,NA
"601",2012,"Mixing Bowl",5,0.04,0,0.48,NA
"602",2012,"Mixing Bowl",6,0,0,0.5,NA
"603",2012,"Pauls Anchor",1,0.383174603174603,0.04,0.288412698412698,NA
"604",2012,"Pauls Anchor",2,0.592447026657553,0.0732247284878864,0.16716412242728,NA
"605",2012,"Pauls Anchor",3,0.353263403263403,0.194055944055944,0.226340326340326,NA
"606",2012,"Pauls Anchor",4,0,0,0.5,NA
"607",2012,"Pauls Anchor",5,0.0285714285714286,0,0.485714285714286,NA
"608",2012,"Pauls Anchor",6,0.028673835125448,0,0.485663082437276,NA
"609",2012,"Rock Bottom",1,0.0878787878787879,0.0693880893880894,0.421366561366561,NA
"610",2012,"Rock Bottom",2,0.0851851851851852,0.028673835125448,0.443070489844683,NA
"611",2012,"Rock Bottom",3,0.16398200955163,0.0915485287079366,0.372234730870217,NA
"612",2012,"Rock Bottom",4,0.034640522875817,0.124311223692029,0.420524126716077,NA
"613",2012,"Rock Bottom",5,0.231111111111111,0.126666666666667,0.321111111111111,NA
"614",2012,"Rock Bottom",6,0.307311207311207,0.194949494949495,0.248869648869649,NA
"615",2012,"Sailfin",1,0.0559006211180124,0.166856941685317,0.388621218598335,NA
"616",2012,"Sailfin",2,0,0.235484003319942,0.382257998340029,NA
"617",2012,"Sailfin",3,0.00938722294654498,0.387501831501831,0.301555472775812,NA
"618",2012,"Sailfin",4,0.117961237635151,0.374193121693122,0.253922820335864,NA
"619",2012,"Sailfin",5,0.0140676612048586,0.393700454597143,0.296115942098999,NA
"620",2012,"Sailfin",6,0.0390756302521008,0.223633367931614,0.368645500908143,NA
"621",2012,"Snapshot",1,0.0571428571428571,0.037037037037037,0.452910052910053,NA
"622",2012,"Snapshot",2,0.0339609722697706,0,0.483019513865115,NA
"623",2012,"Snapshot",3,0.0111111111111111,0.0816589861751152,0.453614951356887,NA
"624",2012,"Snapshot",4,0.167496159754224,0,0.416251920122888,NA
"625",2012,"Snapshot",5,0.273529411764706,0.0617647058823529,0.332352941176471,NA
"626",2012,"Snapshot",6,0.144406292022391,0,0.427796853988804,NA
"627",2012,"West Point",1,0.0316236236236236,0.142017094017094,0.413179641179641,NA
"628",2012,"West Point",2,0.104573934837093,0.178738908150673,0.358343578506117,NA
"629",2012,"West Point",3,0.139415204678363,0.20952380952381,0.325530492898914,NA
"630",2012,"West Point",4,0.100725748287054,0,0.449637125856473,NA
"631",2012,"West Point",5,0.0929310776942356,0,0.453534461152882,NA
"632",2012,"West Point",6,0.0644927536231884,0.1,0.417753623188406,NA
"633",2013,"Coral City",1,0.242453860242322,0.127475853918162,0.315035142919758,NA
"634",2013,"Coral City",2,0.115300835621766,0.18790799910427,0.348395582636982,NA
"635",2013,"Coral City",3,0.182319423495894,0.281524701648541,0.268077937427783,NA
"636",2013,"Coral City",4,0.257249417249417,0.374382284382284,0.184184149184149,NA
"637",2013,"Coral City",5,0.559379750684099,0.0817269686834904,0.179446640316206,NA
"638",2013,"Coral City",6,0.56309726443769,0.0476099290780142,0.194646403242148,NA
"639",2013,"Grundys  Gardens ",1,0.0506482741282749,0.0133074935400517,0.468022116165837,NA
"640",2013,"Grundys  Gardens ",2,0.048984698984699,0.0329532882164461,0.459031006399427,NA
"641",2013,"Grundys  Gardens ",3,0.0921693121693122,0.0178571428571429,0.444986772486772,NA
"642",2013,"Grundys  Gardens ",4,0.27719618874183,0.152044703153285,0.285379554052443,NA
"643",2013,"Grundys  Gardens ",5,0.0825438596491228,0.0053475935828877,0.456054273383995,NA
"644",2013,"Grundys  Gardens ",6,0.0462075139334084,0.206767738023044,0.373512374021774,NA
"645",2013,"Grundys  Gardens ",7,0.220150641669629,0.0311767463666198,0.374336305981876,NA
"646",2013,"Grundys  Gardens ",8,0.298154360259623,0.0316959064327485,0.335074866653814,NA
"647",2013,"Icon",1,0.11069429343617,0.0765767301273679,0.406364488218231,NA
"648",2013,"Icon",2,0.151416440501994,0.0724350740423672,0.388074242727819,NA
"649",2013,"Icon",3,0.166014492753623,0.207173913043478,0.313405797101449,NA
"650",2013,"Icon",4,0.105677655677656,0.294505494505495,0.299908424908425,NA
"651",2013,"Icon",5,0.174658130684238,0.301330304291091,0.262005782512335,NA
"652",2013,"Icon",6,0.223657262277952,0.130992685475444,0.322675026123302,NA
"653",2013,"Jigsaw",1,0.246016511867905,0.134582043343653,0.309700722394221,NA
"654",2013,"Jigsaw",2,0.0791941391941392,0.201052184530445,0.359876838137708,NA
"655",2013,"Jigsaw",3,0.141268686073958,0.144420684875052,0.357155314525495,NA
"656",2013,"Jigsaw",4,0.281116493588464,0.125220309829586,0.296831598290975,NA
"657",2013,"Jigsaw",5,0.0521010296010296,0.300887673387673,0.323505648505649,NA
"658",2013,"Jigsaw",6,0.0488173803450993,0.0810810810810811,0.43505076928691,NA
"659",2013,"Jigsaw",7,0.116334664927076,0,0.441832667536462,NA
"660",2013,"Meadows",1,0.192448680351906,0.203054740957967,0.302248289345064,NA
"661",2013,"Meadows",2,0.109185071849009,0.487495702621117,0.201659612764937,NA
"662",2013,"Meadows",3,0.310156836627425,0.363102583690819,0.163370289840878,NA
"663",2013,"Meadows",4,0.160717752602117,0.368769919413408,0.235256163992238,NA
"664",2013,"Meadows",5,0.269975140536441,0.370374057542267,0.179825400960646,NA
"665",2013,"Meadows",6,0.0217065448212989,0.452599204074614,0.262847125552044,NA
"666",2013,"Mixing Bowl",1,0.170845659839533,0.0479646025384392,0.390594868811014,NA
"667",2013,"Mixing Bowl",2,0.0361673414304993,0.15645175520287,0.403690451683315,NA
"668",2013,"Mixing Bowl",3,0.153823953823954,0.186435786435786,0.32987012987013,NA
"669",2013,"Mixing Bowl",4,0.124861980125138,0.166056312108944,0.354540853882959,NA
"670",2013,"Mixing Bowl",5,0.143161184384766,0.165368575312958,0.345735120151138,NA
"671",2013,"Mixing Bowl",6,0.338341938615324,0.0585255095425101,0.301566275921083,NA
"672",2013,"Mixing Bowl",7,0.0554173312068049,0.108194729247361,0.418193969772917,NA
"673",2013,"Mixing Bowl",8,0.0680448991190679,0.36149095386947,0.285232073505731,NA
"674",2013,"Pauls Anchor",1,0.0808301404853129,0.0613409961685824,0.428914431673052,NA
"675",2013,"Pauls Anchor",2,0.101987617672559,0.0123339658444023,0.44283920824152,NA
"676",2013,"Pauls Anchor",3,0.0979112821257442,0.086988287110982,0.407550215381637,NA
"677",2013,"Pauls Anchor",4,0.0500501253132832,0.196190476190476,0.37687969924812,NA
"678",2013,"Pauls Anchor",5,0.208669546945131,0.205496195987735,0.292917128533567,NA
"679",2013,"Pauls Anchor",6,0.123572171970355,0.108600824037522,0.383913501996062,NA
"680",2013,"Sailfin",1,0.163231674692349,0.313515248796148,0.261626538255752,NA
"681",2013,"Sailfin",2,0.114296124436311,0.410265015358473,0.237719430102608,NA
"682",2013,"Sailfin",3,0.0680794056753136,0.639163958830526,0.14637831774708,NA
"683",2013,"Sailfin",4,0.114864424930392,0.347754741676781,0.268690416696414,NA
"684",2013,"Sailfin",5,0.221647635409103,0.33805803438831,0.220147165101294,NA
"685",2013,"Sailfin",6,0.10107582240731,0.207265583089897,0.345829297251396,NA
"686",2013,"Snapshot",1,0.148837923306008,0.247717294525805,0.301722391084093,NA
"687",2013,"Snapshot",2,0.187307001770451,0.303734013103417,0.254479492563066,NA
"688",2013,"Snapshot",3,0.187706708131581,0.253617708232386,0.279337791818017,NA
"689",2013,"Snapshot",4,0.239550619229457,0.110326860017668,0.325061260376438,NA
"690",2013,"Snapshot",5,0.100607429648586,0.344429194831864,0.277481687759774,NA
"691",2013,"Snapshot",6,0.151837953091684,0.473018715944089,0.187571665482113,NA
"692",2013,"Snapshot",7,0.0536507936507937,0.224126984126984,0.361111111111111,NA
"693",2013,"Snapshot",8,0.0599854006217039,0.198677957296102,0.370668321041097,NA
"694",2013,"West Point",1,0.284603456571112,0.027027027027027,0.344184758200931,NA
"695",2013,"West Point",2,0.206995230524642,0.0483036227717079,0.372350573351825,NA
"696",2013,"West Point",3,0.0806682862166314,0.098103997198948,0.41061385829221,NA
"697",2013,"West Point",4,0.0829431511530964,0.412070200005868,0.252493324420518,NA
"698",2013,"West Point",5,0.0492364319844635,0.561975724188323,0.194393921913607,NA
"699",2013,"West Point",6,0.200055783984355,0.645709647495362,0.0771172842601414,NA
"700",2013,"West Point",7,0.22195472511678,0.547358965145526,0.115343154868847,NA
"701",2013,"West Point",8,0.368342138087901,0.020814072932717,0.305421894489691,NA
"702",2013,"West Point",9,0.408186730527156,0,0.295906634736422,NA
"703",2013,"West Point",10,0.0392719724054057,0.351587687119921,0.304570170237337,NA
"704",2013,"West Point",11,0.0276719576719577,0.490736139866575,0.240795951230734,NA
"705",2013,"West Point",12,0.0213097345132743,0.617287744703674,0.180701260391526,NA
"706",2013,"West Point",13,0.119819994819995,0.350951825951826,0.26461408961409,NA
"707",2013,"West Point",14,0.0690769230769231,0.461948717948718,0.234487179487179,NA
"708",2014,"Coral City",1,0.207765038258424,0.0326086956521739,0.379813133044701,NA
"709",2014,"Coral City",2,0.0812822322604931,0.0133333333333333,0.452692217203087,NA
"710",2014,"Coral City",3,0.119775910364146,0.0392857142857143,0.42046918767507,NA
"711",2014,"Coral City",4,0.416666666666667,0.0833333333333333,0.25,NA
"712",2014,"Coral City",5,0.278388278388278,0,0.360805860805861,NA
"713",2014,"Coral City",6,0.447712418300654,0.0555555555555556,0.248366013071895,NA
"714",2014,"Coral City",7,0.00588235294117647,0.0750148544266191,0.459551396316102,NA
"715",2014,"Coral City",8,0.154411910669975,0.122783567686793,0.361402260821616,NA
"716",2014,"Coral City",9,0.0260198036124592,0.272809885909172,0.350585155239184,NA
"717",2014,"Coral City",10,0.0276172248803828,0.0821825017088175,0.4451001367054,NA
"718",2014,"Grundys  Gardens ",1,0.0190049305244285,0.262474226804124,0.359260421335724,NA
"719",2014,"Grundys  Gardens ",2,0.064601347785491,0.37183622241167,0.281781214901419,NA
"720",2014,"Grundys  Gardens ",3,0.038949128769488,0.522941907424666,0.219054481902923,NA
"721",2014,"Grundys  Gardens ",4,0,0,0.5,NA
"722",2014,"Grundys  Gardens ",5,0,0,0.5,NA
"723",2014,"Grundys  Gardens ",6,0.278571428571429,0,0.360714285714286,NA
"724",2014,"Grundys  Gardens ",7,0.0490338164251208,0.25009139574357,0.350437393915655,NA
"725",2014,"Grundys  Gardens ",8,0.064877990430622,0.0844808612440191,0.425320574162679,NA
"726",2014,"Grundys  Gardens ",9,0.111107641178081,0.165624530113235,0.361633914354342,NA
"727",2014,"Icon",1,0.12578837707541,0.0183908045977011,0.427910409163445,NA
"728",2014,"Icon",2,0.09906863290294,0.0262352189197827,0.437348074088639,NA
"729",2014,"Icon",3,0.120532774153464,0.0459770114942529,0.416745107176142,NA
"730",2014,"Icon",4,0.109090909090909,0,0.445454545454545,NA
"731",2014,"Icon",5,0.241830065359477,0,0.379084967320261,NA
"732",2014,"Icon",6,0.158333333333333,0,0.420833333333333,NA
"733",2014,"Icon",7,0.0276372924648787,0.0797343550446999,0.446314176245211,NA
"734",2014,"Icon",8,0.0312273641851107,0.189526116101986,0.389623259856451,NA
"735",2014,"Icon",9,0,0.373333333333333,0.313333333333333,NA
"736",2014,"Icon",10,0,0.331340996168582,0.334329501915709,NA
"737",2014,"Jigsaw",1,0.0711081402257873,0.13222159677268,0.398335131500766,NA
"738",2014,"Jigsaw",2,0.103715170278638,0.165049879600963,0.3656174750602,NA
"739",2014,"Jigsaw",3,0.0645693865521452,0.0962522630626079,0.419589175192623,NA
"740",2014,"Jigsaw",4,0.481481481481481,0.518518518518518,0,NA
"741",2014,"Jigsaw",5,0.0555555555555556,0.0555555555555556,0.444444444444444,NA
"742",2014,"Jigsaw",6,0.491071428571429,0.258928571428571,0.125,NA
"743",2014,"Jigsaw",7,0,0.536687641683016,0.231656179158492,NA
"744",2014,"Jigsaw",8,0.0247839853644807,0.0890770710197955,0.443069471807862,NA
"745",2014,"Jigsaw",9,0.0101030242605517,0.140103499026729,0.424896738356359,NA
"746",2014,"Meadows",1,0.0375980392156863,0.0652137870855148,0.448594086849399,NA
"747",2014,"Meadows",2,0.0765639589169001,0.111668886133688,0.405883577474706,NA
"748",2014,"Meadows",3,0.0847921434019832,0.10458658291692,0.405310636840549,NA
"749",2014,"Meadows",4,0.0571428571428571,0.461904761904762,0.24047619047619,NA
"750",2014,"Meadows",5,0,0.431159420289855,0.284420289855072,NA
"751",2014,"Meadows",6,0.0666666666666667,0.6,0.166666666666667,NA
"752",2014,"Meadows",7,0,0.217777777777778,0.391111111111111,NA
"753",2014,"Meadows",8,0.01,0.367844932844933,0.311077533577534,NA
"754",2014,"Meadows",9,0.0675883256528418,0.14937019969278,0.391520737327189,NA
"755",2014,"Meadows",10,0.0665447957839262,0.32314558629776,0.305154808959157,NA
"756",2014,"Mixing Bowl",1,0.0573218745089507,0.0510442760271241,0.445816924731963,NA
"757",2014,"Mixing Bowl",2,0.0654562877782692,0.201637918325225,0.366452896948253,NA
"758",2014,"Mixing Bowl",3,0.0539257252608646,0.0969574876734319,0.424558393532852,NA
"759",2014,"Mixing Bowl",4,0.0181818181818182,0.429410589410589,0.276203796203796,NA
"760",2014,"Mixing Bowl",5,0.129907773386034,0.367701863354037,0.251195181629964,NA
"761",2014,"Mixing Bowl",6,0.0222222222222222,0.465587044534413,0.256095366621682,NA
"762",2014,"Pauls Anchor",1,0.139634350857358,0.0424540229885058,0.408955813077068,NA
"763",2014,"Pauls Anchor",2,0.0719614773412242,0.0805153707052441,0.423761575976766,NA
"764",2014,"Pauls Anchor",3,0.0478968253968254,0.0471615312791783,0.452470821661998,NA
"765",2014,"Pauls Anchor",4,0.0161442679261486,0.53753854561068,0.223158593231586,NA
"766",2014,"Pauls Anchor",5,0.0909090909090909,0.496536796536797,0.206277056277056,NA
"767",2014,"Pauls Anchor",6,0.043859649122807,0.386315789473684,0.284912280701754,NA
"768",2014,"Pauls Anchor",7,0.0201174642351113,0.0443132684309155,0.467784633666987,NA
"769",2014,"Pauls Anchor",8,0.03023734648933,0.044225579773025,0.462768536868823,NA
"770",2014,"Sailfin",1,0.0666666666666667,0.0666666666666667,0.433333333333333,NA
"771",2014,"Sailfin",2,0.0554026618542748,0.0695833877497714,0.437506975197977,NA
"772",2014,"Sailfin",3,0,0.245252525252525,0.377373737373737,NA
"773",2014,"Sailfin",4,0.037037037037037,0.0154074074074074,0.473777777777778,NA
"774",2014,"Sailfin",5,0.0478875734943588,0.193185046877483,0.379463689814079,NA
"775",2014,"Sailfin",6,0.0804761904761905,0.238571428571429,0.34047619047619,NA
"776",2014,"Sailfin",7,0.00735294117647059,0.186540616246499,0.403053221288515,NA
"777",2014,"Snapshot",1,0.071327812284334,0.28448309178744,0.322094547964113,NA
"778",2014,"Snapshot",2,0.0324942947648081,0.323374299313146,0.322065702961023,NA
"779",2014,"Snapshot",3,0.0286181693938336,0.208770230682912,0.381305799961627,NA
"780",2014,"Snapshot",4,0.0142857142857143,0.414861751152074,0.285426267281106,NA
"781",2014,"Snapshot",5,0,0.142857142857143,0.428571428571429,NA
"782",2014,"Snapshot",6,0.00645161290322581,0.417849462365591,0.287849462365591,NA
"783",2014,"West Point",1,0.044047619047619,0.142067669172932,0.406942355889724,NA
"784",2014,"West Point",2,0.10952380952381,0.0991341991341991,0.395670995670996,NA
"785",2014,"West Point",3,0.050264306349499,0.0318120351588911,0.458961829245805,NA
"786",2014,"West Point",4,0,0.246031746031746,0.376984126984127,NA
"787",2014,"West Point",5,0.0181818181818182,0.20969696969697,0.386060606060606,NA
"788",2014,"West Point",6,0,0.0566666666666667,0.471666666666667,NA
"789",2014,"West Point",7,0.0392504366636891,0.0459124690338563,0.457418547151227,NA
"790",2014,"West Point",8,0.0374257483243267,0.0557638238050609,0.453405213935306,NA
"791",2014,"West Point",9,0.00952380952380952,0.0638297872340426,0.463323201621074,NA
"792",2014,"West Point",10,0.00714285714285714,0.0886680840174019,0.45209452941987,NA
"793",2015,"Coral City",1,0.18113489622427,0.261893957739445,0.278485573018143,NA
"794",2015,"Coral City",2,0.0504626988190736,0.0770856395126748,0.436225830834126,NA
"795",2015,"Coral City",3,0.271292832256537,0.215473887814313,0.256616639964575,NA
"796",2015,"Coral City",4,0.158213671509829,0.0297389816003423,0.406023673444914,NA
"797",2015,"Coral City",5,0.403526220614828,0,0.298236889692586,NA
"798",2015,"Coral City",6,0.231718931475029,0.0419047619047619,0.363188153310105,NA
"799",2015,"Grundys  Gardens ",1,0.210895505957978,0.103787446853568,0.342658523594227,NA
"800",2015,"Grundys  Gardens ",2,0.301428905566755,0.153999823657022,0.272285635388111,NA
"801",2015,"Grundys  Gardens ",3,0.0913333333333333,0.0751709731709732,0.416747846747847,NA
"802",2015,"Grundys  Gardens ",4,0.160526315789474,0.178049433929652,0.330712125140437,NA
"803",2015,"Grundys  Gardens ",5,0.0221033868092692,0.013953488372093,0.481971562409319,NA
"804",2015,"Grundys  Gardens ",6,0.055111149013588,0.186954915003695,0.378966967991358,NA
"805",2015,"Icon",1,0.0285714285714286,0.0885714285714286,0.441428571428571,NA
"806",2015,"Icon",2,0.117466393255867,0.0915750915750916,0.395479257584521,NA
"807",2015,"Icon",3,0.21788344801191,0.142061397721775,0.320027577133157,NA
"808",2015,"Icon",4,0.159273345353467,0.0345795206971678,0.403073566974683,NA
"809",2015,"Icon",5,0.265151515151515,0.0166666666666667,0.359090909090909,NA
"810",2015,"Icon",6,0.196633830565719,0.0105263157894737,0.396419926822404,NA
"811",2015,"Jigsaw",1,0,0.171706356191482,0.414146821904259,NA
"812",2015,"Jigsaw",2,0.0674630005258808,0.112742723182209,0.409897138145955,NA
"813",2015,"Jigsaw",3,0.0856060606060606,0.132954545454545,0.390719696969697,NA
"814",2015,"Jigsaw",4,0.0318621498262217,0.159280613257537,0.40442861845812,NA
"815",2015,"Jigsaw",5,0.317236941374872,0.0142857142857143,0.334238672169707,NA
"816",2015,"Jigsaw",6,0.254673923055052,0.016695652173913,0.364315212385518,NA
"817",2015,"Meadows",1,0.0166976083303947,0.477787570785538,0.252757410442034,NA
"818",2015,"Meadows",2,0.0803242147922999,0.422673580070326,0.248501102568687,NA
"819",2015,"Meadows",3,0.101747330683501,0.707230925103266,0.0955108721066168,NA
"820",2015,"Meadows",4,0.0237938596491228,0.870081453634085,0.053062343358396,NA
"821",2015,"Meadows",5,0.432478632478632,0.2,0.183760683760684,NA
"822",2015,"Meadows",6,0.155353535353535,0.133333333333333,0.355656565656566,NA
"823",2015,"Mixing Bowl",1,0.00645161290322581,0.15549779898926,0.419025294053757,NA
"824",2015,"Mixing Bowl",2,0.00934579439252336,0.110726149088041,0.439964028259718,NA
"825",2015,"Mixing Bowl",3,0.00380633858894728,0.123637521898391,0.436278069756331,NA
"826",2015,"Mixing Bowl",4,0,0.0627219182963382,0.468639040851831,NA
"827",2015,"Mixing Bowl",5,0.0526315789473684,0.0210526315789474,0.463157894736842,NA
"828",2015,"Mixing Bowl",6,0.211111111111111,0,0.394444444444444,NA
"829",2015,"Pauls Anchor",1,0.288535224366426,0,0.355732387816787,NA
"830",2015,"Pauls Anchor",2,0.204010025062657,0.019047619047619,0.388471177944862,NA
"831",2015,"Pauls Anchor",3,0.337728105644148,0.0555555555555556,0.303358169400148,NA
"832",2015,"Pauls Anchor",4,0.197796451914099,0.0444444444444444,0.378879551820728,NA
"833",2015,"Pauls Anchor",5,0.257619047619048,0.0133333333333333,0.36452380952381,NA
"834",2015,"Pauls Anchor",6,0.308717948717949,0.0882051282051282,0.301538461538462,NA
"835",2015,"Sailfin",1,0.098513986013986,0.0215909090909091,0.439947552447552,NA
"836",2015,"Sailfin",2,0.0166666666666667,0.195714285714286,0.393809523809524,NA
"837",2015,"Sailfin",3,0.12,0.545141645205272,0.167429177397364,NA
"838",2015,"Sailfin",4,0.0192219679633867,0.548981986739424,0.215898022648595,NA
"839",2015,"Sailfin",5,0.0790977443609023,0.611812865497076,0.154544695071011,NA
"840",2015,"Sailfin",6,0.0170289855072464,0.575812472551603,0.203579270970575,NA
"841",2015,"Snapshot",1,0.0297850131611364,0.293248920527483,0.33848303315569,NA
"842",2015,"Snapshot",2,0.0458734704504035,0.153017009459342,0.400554760045127,NA
"843",2015,"Snapshot",3,0.046919840327975,0.137564367999151,0.407757895836437,NA
"844",2015,"Snapshot",4,0.0287443725645973,0.115973116300744,0.427641255567329,NA
"845",2015,"Snapshot",5,0.221278721278721,0.154545454545455,0.312087912087912,NA
"846",2015,"Snapshot",6,0.135421245421245,0,0.432289377289377,NA
"847",2015,"West Point",1,0.00769230769230769,0.0844838176234349,0.453911937342129,NA
"848",2015,"West Point",2,0.0132352139022849,0.0151888158558868,0.485787985120914,NA
"849",2015,"West Point",3,0.0137931034482759,0.141196959452538,0.422504968549593,NA
"850",2015,"West Point",4,0,0.0729945937319209,0.46350270313404,NA
"851",2015,"West Point",5,0.0183823529411765,0.123382352941176,0.429117647058824,NA
"852",2017,"Coral City",1,0.0225490196078431,0.329673202614379,0.318104575163399,NA
"853",2017,"Coral City",2,0.0340566790045439,0.442067329393546,0.0818086622083643,NA
"854",2017,"Coral City",3,0.0833333333333333,0.410732323232323,0.0952020202020202,NA
"855",2017,"Coral City",4,0.106611295681063,0.435980066445183,0.0214285714285714,NA
"856",2017,"Coral City",5,0.0215267175572519,0.420224766751484,0.138023748939779,NA
"857",2017,"Coral City",6,0.0801949501889385,0.429568017863277,0.060669014084507,NA
"858",2017,"Grundys  Gardens ",1,0.0959353146853147,0.402316433566434,0.0994318181818182,NA
"859",2017,"Grundys  Gardens ",2,0.225,0.219144144144144,0.336711711711712,NA
"860",2017,"Grundys  Gardens ",3,0.05,0.411054635020152,0.127890729959695,NA
"861",2017,"Grundys  Gardens ",4,0.0228571428571429,0.342194616977226,0.292753623188406,NA
"862",2017,"Grundys  Gardens ",5,0.0577777777777778,0.442222222222222,0.0577777777777778,NA
"863",2017,"Grundys  Gardens ",6,0,0.360714285714286,0.278571428571429,NA
"864",2017,"Icon",1,0.0975038853720481,0.349036948940525,0.204422216746901,NA
"865",2017,"Icon",2,0.128869221447444,0.346509724457159,0.178111329638238,NA
"866",2017,"Icon",3,0.162866344605475,0.358067632850242,0.120998389694042,NA
"867",2017,"Icon",4,0.0762776819687389,0.430133100864808,0.0634561163016448,NA
"868",2017,"Icon",5,0.135853398836119,0.41499081398693,0.0341649731900203,NA
"869",2017,"Icon",6,0.17482740379043,0.382314646679288,0.0605433028509952,NA
"870",2017,"Jigsaw",3,0.0333571956711703,0.416131373415856,0.134380057497117,NA
"871",2017,"Jigsaw",4,0.0633928571428571,0.364612800565771,0.207381541725601,NA
"872",2017,"Jigsaw",5,0.0237179487179487,0.426831501831502,0.122619047619048,NA
"873",2017,"Jigsaw",6,0.0182554114437997,0.474071792107247,0.0336010043417071,NA
"874",2017,"Jigsaw ",1,0.108944658944659,0.363899613899614,0.163256113256113,NA
"875",2017,"Jigsaw ",2,0.111603362391034,0.333505603985056,0.221385429638854,NA
"876",2017,"Meadows",1,0.0833333333333333,0.364561403508772,0.187543859649123,NA
"877",2017,"Meadows",2,0.114047619047619,0.382726574500768,0.120499231950845,NA
"878",2017,"Meadows",3,0.0058252427184466,0.438503209187042,0.117168338907469,NA
"879",2017,"Meadows",4,0.0561192991025522,0.430458880761428,0.082962939374592,NA
"880",2017,"Meadows",5,0.0677777777777778,0.410132835201328,0.111956551819566,NA
"881",2017,"Meadows",6,0.048,0.468,0.016,NA
"882",2017,"Meadows",7,0.0784641496936579,0.323707567478059,0.274120715350224,NA
"883",2017,"Mixing Bowl",1,0.136399108138239,0.313879598662207,0.235841694537347,NA
"884",2017,"Mixing Bowl",2,0.101637395656383,0.375628938571977,0.147104727199664,NA
"885",2017,"Mixing Bowl",3,0.095959595959596,0.35050505050505,0.203030303030303,NA
"886",2017,"Mixing Bowl",4,0.165438181520656,0.342891060829205,0.148779696820934,NA
"887",2017,"Mixing Bowl",5,0.111592039800995,0.402537313432836,0.0833333333333333,NA
"888",2017,"Mixing Bowl",6,0.0915527950310559,0.425051759834368,0.058343685300207,NA
"889",2017,"Mixing Bowl",7,0.211433170692689,0.383394323574895,0.0217781821575215,NA
"890",2017,"Mixing Bowl",8,0.0708393418654489,0.424629388016698,0.0799018821011551,NA
"891",2017,"Pauls Anchor",1,0.0373015873015873,0.394940476190476,0.17281746031746,NA
"892",2017,"Pauls Anchor",2,0.0689244663382594,0.394831155850646,0.141413221960448,NA
"893",2017,"Pauls Anchor",3,0.128537454107074,0.429064606279796,0.0133333333333333,NA
"894",2017,"Pauls Anchor",4,0.0728300793351742,0.443474258755654,0.0402214031535182,NA
"895",2017,"Pauls Anchor",5,0.019984651367769,0.461074224659215,0.0578668993138015,NA
"896",2017,"Pauls Anchor",6,0.069908254078551,0.403331182541167,0.123429380839114,NA
"897",2017,"Sailfin",1,0.0334158083296014,0.403943586839124,0.15869701799215,NA
"898",2017,"Sailfin",2,0.0452814426952358,0.44132849908712,0.0720615591305246,NA
"899",2017,"Sailfin",3,0.0349327427821522,0.445529901446553,0.0740074543247411,NA
"900",2017,"Sailfin",4,0.0166427546628407,0.49167862266858,0,NA
"901",2017,"Sailfin",5,0.110391017215722,0.425369727881408,0.0388695270214631,NA
"902",2017,"Sailfin",6,0.0896174945743911,0.349200786535979,0.21198093235365,NA
"903",2017,"Snapshot",1,0.0432539682539683,0.435790273556231,0.0851654846335697,NA
"904",2017,"Snapshot",2,0.0919457735247209,0.413317384370016,0.0814194577352472,NA
"905",2017,"Snapshot",3,0.135524790615386,0.384864608117412,0.0947459931497895,NA
"906",2017,"Snapshot",4,0.0425145868624129,0.470092226613966,0.0173009599096556,NA
"907",2017,"Snapshot",5,0.15933912026349,0.403530104349432,0.0336006710376458,NA
"908",2017,"Snapshot",6,0.153674958864832,0.359936609303698,0.126451822527772,NA
"909",2017,"West Point",1,0.0432773109243697,0.426910877026867,0.102900935021896,NA
"910",2017,"West Point",2,0.0711888180671874,0.441461389107531,0.0458884037177512,NA
"911",2017,"West Point",3,0.00232558139534884,0.380492742041046,0.236688934522559,NA
"912",2017,"West Point",4,0.02656590251023,0.434667316757999,0.104099463973773,NA
"913",2017,"West Point",5,0.228848039215686,0.376200980392157,0.01875,NA
"914",2017,"West Point",6,0.198407067704949,0.370161251295443,0.0612704297041646,NA
"915",2017,"West Point",7,0,0.468939333870378,0.0621213322592436,NA
"916",2017,"West Point",8,0,0.480291587804284,0.0394168243914323,NA
"917",2017,"West Point",9,0.027719298245614,0.476924664602683,0.0184313725490196,NA
"918",2017,"West Point",10,0.0753846153846154,0.456752136752137,0.0111111111111111,NA
"919",2017,"West Point",11,0.00715350223546945,0.496423248882265,0,NA
"920",2017,"West Point",12,0.225260816531535,0.373083877448518,0.0285714285714286,NA
"921",2018,"Blacktip tunnel",1,0.229332800712347,0.28957174039034,0.0187946076127955,NA
"922",2018,"Blacktip tunnel",2,0.209888011808497,0.319269272312257,0.0170199163927589,NA
"923",2018,"Blacktip tunnel",3,0.00987654320987654,0.407626381343282,0.010755684109877,NA
"924",2018,"Blacktip tunnel",4,0.00985221674876847,0.389084718304566,0.0109241191285981,NA
"925",2018,"Blacktip tunnel",5,0.0271978406956413,0.399907290012902,0.01090606722299,NA
"926",2018,"Blacktip tunnel",6,0.0818254920491782,0.220422648378139,0.00609726481957724,NA
"927",2018,"Blacktip tunnel",7,0.172780338592729,0.160066935448368,0.0105853619276485,NA
"928",2018,"Blacktip tunnel",8,0.188276760551682,0.118442333624106,0.00711610097470374,NA
"929",2018,"Coral City",1,0.379026157873382,0.240371333227681,0.010503949026259,NA
"930",2018,"Coral City",2,0.158671895517949,0.267787343023814,0.0103211069189246,NA
"931",2018,"Coral City",3,0.227695774705726,0.336582162882548,0.0138867139253498,NA
"932",2018,"Coral City",4,0.574032052581767,0.138570273715724,0.00518954725802308,NA
"933",2018,"Coral City",5,0.0757257358768362,0.388612477323688,0.0131213919781256,NA
"934",2018,"Coral City",6,0.107510832786068,0.393869099475854,0.0104942924452656,NA
"935",2018,"Coral City",7,0.192485679034432,0.395518493247394,0.0164773344707804,NA
"936",2018,"Coral City",8,0.477440653524038,0.192572681040831,0.0175163523882899,NA
"937",2018,"Coral City",9,0.310912153985995,0.276359397994118,0.0208439530110163,NA
"938",2018,"Coral City",10,0.242183853298404,0.287136619830118,0,NA
"939",2018,"Coral City",11,0.097221803831787,0.397028884002089,0.0127098646423264,NA
"940",2018,"Grundys  Gardens ",1,0.282442624408896,0.281214616462949,0.0213729275302663,NA
"941",2018,"Grundys  Gardens ",2,0.124703739489057,0.395369342450365,0.0145259391419936,NA
"942",2018,"Grundys  Gardens ",3,0.272131686296791,0.269291919913959,0.0138493863493502,NA
"943",2018,"Grundys  Gardens ",4,0.031413612565445,0.481234901641293,0.00611658415196837,NA
"944",2018,"Grundys  Gardens ",5,0.161949361617851,0.181051512064254,0.00862337774147236,NA
"945",2018,"Grundys  Gardens ",6,0,0.373541108691594,0.0077207319640037,NA
"946",2018,"Grundys  Gardens ",7,0,0.174375298053817,0.00476654245309458,NA
"947",2018,"Grundys  Gardens ",8,0.152962972355262,0.353177729833242,0.0159307990562459,NA
"948",2018,"Grundys  Gardens ",9,0.206263397381715,0.333324818404929,0.0134579391646863,NA
"949",2018,"Grundys  Gardens ",10,0.183219882039008,0.334770034893295,0.016040400660436,NA
"950",2018,"Grundys  Gardens ",11,0.0875348450176825,0.383763261909715,0.0875348450176825,NA
"951",2018,"Grundys  Gardens ",12,0.222726423902894,0.338011204481793,0.0219701213818861,NA
"952",2018,"Grundys  Gardens ",13,0.234741784037559,0.352112676056338,0.0140845070422535,NA
"953",2018,"Jigsaw",1,0.251648367573762,0.315720665433721,0.0191702924844962,NA
"954",2018,"Jigsaw",2,0.235156684809837,0.279195565076397,0.0206230273579052,NA
"955",2018,"Jigsaw",3,0.283361889607313,0.292727261809704,0.0188907284677949,NA
"956",2018,"Jigsaw",4,0.671902739171854,0.11158145088674,0.0136929230448003,NA
"957",2018,"Jigsaw",5,0.127791227612931,0.415383246630412,0.0124360156020151,NA
"958",2018,"Jigsaw",6,0.43734905826439,0.266977644780848,0,NA
"959",2018,"Jigsaw",7,0.039680462200305,0.465342495718522,0.00982771545559682,NA
"960",2018,"Joys Joy",1,0.391950104428019,0.237715070899892,0.0162501158363161,NA
"961",2018,"Joys Joy",2,0.373490739426274,0.22593764515521,0.0186982088529639,NA
"962",2018,"Joys Joy",3,0.356380759102551,0.249287469005169,0.0145142797991546,NA
"963",2018,"Joys Joy",4,0.124298642533937,0.0361990950226244,0.00180995475113122,NA
"964",2018,"Joys Joy",5,0.231937630623889,0.143547250479312,0.00738751334827125,NA
"965",2018,"Joys Joy",6,0.0921020143397707,0.41646543838885,0.0114700364606105,NA
"966",2018,"Joys Joy",7,0.0555154142581888,0.460940287590095,0.0121873438949547,NA
"967",2018,"Lucas Ledge",1,0.254928829707857,0.23166217069391,0.0256808528955978,NA
"968",2018,"Lucas Ledge",2,0.307752892104859,0.260786992320364,0.0104215485688978,NA
"969",2018,"Lucas Ledge",3,0.290820707926114,0.277942062643535,0.0117492492289887,NA
"970",2018,"Lucas Ledge",4,0.102583429465812,0.423705441746506,0.00919897011030044,NA
"971",2018,"Lucas Ledge",5,0.145221098091776,0.408573284494412,0.0266433219303897,NA
"972",2018,"Lucas Ledge",6,0.1765847267422,0.401013810858254,0.00953465447233249,NA
"973",2018,"Lucas Ledge",7,0.112203086319541,0.436766147022273,0.0142646196359133,NA
"974",2018,"Lucas Ledge",8,0.142811355311355,0.275412087912088,0.00636446886446886,NA
"975",2018,"Lucas Ledge",9,0.0530154369440084,0.466258723596064,0.0144671158638627,NA
"976",2018,"Lucas Ledge",10,0.0498647661768229,0.388031187387941,0.0106087613097344,NA
"977",2018,"Lucas Ledge",11,0.371515951841603,0.235712359161374,0.010986167152061,NA
"978",2018,"Lucas Ledge",12,0.427948315267414,0.188037748557683,0.0129997197559385,NA
"979",2018,"Lucas Ledge",13,0.200474756680701,0.289634853741861,0.0120817553374827,NA
"980",2018,"Lucas Ledge",14,0.241800577502067,0.292692130416954,0.0120146304426591,NA
"981",2018,"Meadows",1,0.280909249456054,0.248950947864905,0.0175132180947764,NA
"982",2018,"Meadows",2,0.335852228563609,0.15647804054931,0.0261267154998407,NA
"983",2018,"Meadows",3,0.303920914306282,0.249230241260378,0.0248328274169354,NA
"984",2018,"Meadows",4,0,0.036036036036036,0.0036036036036036,NA
"985",2018,"Meadows",5,0,0.19394168262617,0.00670029401451191,NA
"986",2018,"Meadows",6,0,0.0881471469706764,0.00354155648273295,NA
"987",2018,"Meadows",7,0,0.175253752129379,0.0104808507538093,NA
"988",2018,"Meadows",8,0.133543471800605,0.287609333448748,0.0199348487077452,NA
"989",2018,"Meadows",9,0.142696849183615,0.362877907574969,0.0118555037660186,NA
"990",2018,"Meadows",10,0.174040393530853,0.262697401107171,0.0138483543859241,NA
"991",2018,"West Point",1,0.240778338466759,0.26887140468207,0.0163507559728396,NA
"992",2018,"West Point",2,0.173587076020615,0.369212794049621,0.0182977743744608,NA
"993",2018,"West Point",3,0,0.341758559955038,0.00754859511595672,NA
"994",2018,"West Point",4,0.0361990950226244,0.105896064719594,0.00180995475113122,NA
"995",2018,"West Point",5,0.0854191009163028,0.182263343728254,0.00529454558816362,NA
"996",2018,"West Point",6,0.0140845070422535,0.266137780074029,0.0158123530003935,NA
"997",2018,"West Point",7,0.189063563236285,0.26984989280078,0.0163351149217288,NA
"998",2018,"West Point",8,0.113682065912746,0.213927457438416,0.0128545520775599,NA
"999",2018,"West Point",9,0.138896323718845,0.20866376557931,0.0124208441221905,NA
"1000",2019,"CORAL CITY",1,0.0678017482225548,0.221961099911955,0.488276051953535,NA
"1001",2019,"CORAL CITY",2,0.117356197291081,0.303560843405805,0.27552211589731,NA
"1002",2019,"CORAL CITY",3,0.0890769230769231,0.246593406593407,0.417736263736264,NA
"1003",2019,"CORAL CITY",4,0.0222222222222222,0.321971448520121,0.333834880737536,NA
"1004",2019,"CORAL CITY",5,0,0.14952084952085,0.700958300958301,NA
"1005",2019,"CORAL CITY",6,0,0.20698983742462,0.58602032515076,NA
"1006",2019,"CORAL CITY",7,0.00957910014513788,0.142981847247639,0.704457205359584,NA
"1007",2019,"CORAL CITY",8,0.00966183574879227,0.0578705923973989,0.87459697945641,NA
"1008",2019,"Grundys  Gardens ",1,0.208232390626757,0.348227418649954,0.0953127720733355,NA
"1009",2019,"Grundys  Gardens ",2,0.13685804664737,0.314361382028848,0.234419189294934,NA
"1010",2019,"Grundys  Gardens ",3,0.0191985088536813,0.293349651976196,0.394102187193927,NA
"1011",2019,"Grundys  Gardens ",4,0.232606571352704,0.106074098919682,0.555245230807933,NA
"1012",2019,"Grundys  Gardens ",5,0.177575757575758,0.112554112554113,0.597316017316017,NA
"1013",2019,"Grundys  Gardens ",6,0.0945454545454545,0.115236516639041,0.674981512176463,NA
"1014",2019,"Grundys  Gardens ",7,0.0299244527546414,0.172647598802446,0.624780349640467,NA
"1015",2019,"Grundys  Gardens ",8,0.0108650137741047,0.205013774104683,0.579107438016529,NA
"1016",2019,"Icon",1,0.211030536273255,0.0919750288682327,0.60501940599028,NA
"1017",2019,"Icon",2,0.0865150189103866,0.139264839183571,0.634955302722471,NA
"1018",2019,"Icon",3,0.0955649957519116,0.146265930331351,0.611903143585387,NA
"1019",2019,"Icon",4,0.0363636363636364,0.193604024434064,0.654689184333453,NA
"1020",2019,"Icon",5,0.0277056277056277,0.112554112554113,0.747186147186147,NA
"1021",2019,"Icon",6,0.414610665358422,0.260636081174466,0.0641171722926459,NA
"1022",2019,"Icon",7,0.131581584367867,0.147692478984579,0.573033457662974,NA
"1023",2019,"Icon",8,0.0813932938448322,0.132101309321569,0.654404087512031,NA
"1024",2019,"Icon",9,0.0406212628557761,0.14719877184871,0.664981193446803,NA
"1025",2019,"JIGSAW",1,0.10130569567045,0.263886086591005,0.370922131147541,NA
"1026",2019,"JIGSAW",2,0.0775103519668737,0.175390092410241,0.571709463212644,NA
"1027",2019,"JIGSAW",3,0.0133333333333333,0.224941724941725,0.536783216783217,NA
"1028",2019,"JIGSAW",4,0.184185185185185,0.228888888888889,0.358037037037037,NA
"1029",2019,"JIGSAW",5,0.0307692307692308,0.336486283854705,0.296258201521359,NA
"1030",2019,"JIGSAW",6,0.00819952875154124,0.180047124845876,0.631706221556707,NA
"1031",2019,"JIGSAW",7,0.0134992969396195,0.265454921422663,0.455590860215054,NA
"1032",2019,"JIGSAW",8,0.0129032258064516,0.380637411605154,0.225821950983241,NA
"1033",2019,"Meadows",1,0.124278459061068,0.227796358231141,0.420128824476651,NA
"1034",2019,"Meadows",2,0.096318185979261,0.150371253760504,0.602939306499731,NA
"1035",2019,"Meadows",3,0.062001566217885,0.136264971938596,0.665468489904923,NA
"1036",2019,"Meadows",4,0.0474074074074074,0.228481888481888,0.495628815628816,NA
"1037",2019,"Meadows",5,0,0.179365079365079,0.641269841269841,NA
"1038",2019,"Meadows",6,0,0.221235511670294,0.557528976659411,NA
"1039",2019,"Meadows",7,0.060958833619211,0.136169239565466,0.666702687249857,NA
"1040",2019,"Meadows",8,0.0278795950627249,0.140090808192917,0.691938788551441,NA
"1041",2019,"Mixing Bowl",1,0.211549539944288,0.128651142904734,0.531148174246245,NA
"1042",2019,"Mixing Bowl",2,0.163369189634696,0.132000820296549,0.572629169772207,NA
"1043",2019,"Mixing Bowl",3,0.0442687747035573,0.17657646701125,0.602578291273943,NA
"1044",2019,"Mixing Bowl",4,0.116,0.225185185185185,0.43362962962963,NA
"1045",2019,"Mixing Bowl",5,0.155339805825243,0.0740854356845219,0.696489322805713,NA
"1046",2019,"Mixing Bowl",6,0.0769230769230769,0.226100936100936,0.470875050875051,NA
"1047",2019,"Mixing Bowl",7,0.023498756625118,0.0944964910340713,0.787508261306739,NA
"1048",2019,"Mixing Bowl",8,0.0868864669192807,0.132350715926852,0.648412101227015,NA
"1049",2019,"Pauls Anchor",1,0.178213166144201,0.193834900731452,0.434117032392894,NA
"1050",2019,"Pauls Anchor",2,0.118250431560776,0.185890699338975,0.509968169761273,NA
"1051",2019,"Pauls Anchor",3,0.122727272727273,0.145887445887446,0.585497835497836,NA
"1052",2019,"Pauls Anchor",4,0.172271845953466,0.190708560004561,0.446311034037412,NA
"1053",2019,"Pauls Anchor",5,0.222232618141351,0.280258007811116,0.217251366236417,NA
"1054",2019,"Pauls Anchor",6,0.200540540540541,0.171478621478621,0.456502216502217,NA
"1055",2019,"Pauls Anchor",7,0.0221280968006563,0.178494667760459,0.620882567678425,NA
"1056",2019,"Pauls Anchor",8,0.0156923076923077,0.192820512820513,0.598666666666667,NA
"1057",2019,"SNAPSHOT",1,0.0447312687312687,0.165400090105972,0.624468551056786,NA
"1058",2019,"SNAPSHOT",2,0.0979249823071479,0.28954268189937,0.322989653894112,NA
"1059",2019,"SNAPSHOT",4,0.0736024844720497,0.19656314699793,0.533271221532091,NA
"1060",2019,"SNAPSHOT",5,0.239801864801865,0.243822843822844,0.272552447552448,NA
"1061",2019,"SNAPSHOT",6,0.0581818181818182,0.203215488215488,0.535387205387205,NA
"1062",2019,"SNAPSHOT",7,0.0152701262905838,0.162642543355413,0.659444786998591,NA
"1063",2019,"SNAPSHOT",8,0.0153346063610022,0.0784392962865325,0.827786801065933,NA
"1064",2019,"Sailfin",1,0.0628694245561907,0.24530302026335,0.446524534917109,NA
"1065",2019,"Sailfin",2,0.0515488847196164,0.198310054895421,0.551831005489542,NA
"1066",2019,"Sailfin",3,0.127272727272727,0.212775562033874,0.447176148659525,NA
"1067",2019,"Sailfin",4,0.00740740740740741,0.261692461692462,0.469207669207669,NA
"1068",2019,"Sailfin",5,0.0264550264550265,0.219046478744755,0.535452016055464,NA
"1069",2019,"Sailfin",6,0.00339080459770115,0.17316034290547,0.650288509591358,NA
"1070",2019,"Sailfin",7,0.0116662646117192,0.109772886965905,0.768787961456471,NA
"1071",2019,"Sailfin",8,0.0464285714285714,0.145562770562771,0.662445887445888,NA
"1072",2019,"Snapshot",3,0,0.257387057387057,0.485225885225885,NA
"1073",2019,"West Point",1,0.133458658677716,0.211235680059601,0.444069981203081,NA
"1074",2019,"West Point",2,0.115889370007119,0.166783367515104,0.550543894962674,NA
"1075",2019,"West Point",3,0,0.316493943071058,0.367012113857883,NA
"1076",2019,"West Point",4,0.068971768971769,0.221023051023051,0.488982128982129,NA
"1077",2019,"West Point",5,0,0.176463176463176,0.647073647073647,NA
"1078",2019,"West Point",6,0.0215151474934084,0.237864953082344,0.502754946341903,NA
"1079",2019,"West Point",7,0.00478452710162756,0.154469305204401,0.686276862489571,NA
"1080",2019,"West Point",8,0.0398402606872664,0.176677249543917,0.606805240224899,NA
"1081",2020,"Coral City",1,0.345821325648415,0.446685878962536,0.207492795389049,"GGG"
"1082",2020,"Coral City",2,0.280748663101604,0.545454545454545,0.17379679144385,"GGG"
"1083",2020,"Coral City",1,0.119047619047619,0.321428571428571,0.55952380952381,"MF"
"1084",2020,"Coral City",2,0,0.593023255813954,0.406976744186047,"MF"
"1085",2020,"Grundys",1,0.386138613861386,0.465346534653465,0.148514851485149,"GGG"
"1086",2020,"Grundys",2,0.0967741935483871,0.606451612903226,0.296774193548387,"GGG"
"1087",2020,"Grundys",1,0.117825281939067,0.672614038040734,0.209560680020199,"MF"
"1088",2020,"Grundys",2,0.129533678756477,0.663212435233161,0.207253886010363,"MF"
"1089",2020,"Jigsaw",1,0.201729106628242,0.201729106628242,0.596541786743516,"GGG"
"1090",2020,"Jigsaw",2,0.283842794759825,0.279475982532751,0.436681222707424,"GGG"
"1091",2020,"Jigsaw",1,0.193965517241379,0.375,0.431034482758621,"MF"
"1092",2020,"Jigsaw",2,0,0.395061728395062,0.604938271604938,"MF"
"1093",2020,"Marilyn's Cut",2,0.211401425178147,0.249406175771971,0.539192399049881,"GGG"
"1094",2020,"Marilyns_cut",1,0.152671755725191,0.203562340966921,0.643765903307888,"GGG"
"1095",2020,"Marilyns_cut",1,0.20259319286872,0.469205834683955,0.328200972447326,"MF"
"1096",2020,"Marilyns_cut",2,0.229885057471264,0.298850574712644,0.471264367816092,"MF"
"1097",2020,"Marthas",1,0.260869565217391,0.405797101449275,0.333333333333333,"GGG"
"1098",2020,"Marthas",2,0.218181818181818,0.6,0.181818181818182,"GGG"
"1099",2020,"Marthas",1,0.158730158730159,0.650793650793651,0.19047619047619,"MF"
"1100",2020,"Marthas",2,0.283018867924528,0.716981132075472,0,"MF"
"1101",2020,"Meadows",1,0.0951086956521739,0.103260869565217,0.801630434782609,"GGG"
"1102",2020,"Meadows",2,0.144736842105263,0.0578947368421053,0.797368421052632,"GGG"
"1103",2020,"Paul's Anchor",1,0.163487738419619,0.250681198910082,0.5858310626703,"GGG"
"1104",2020,"Paul's Anchor",2,0.228971962616822,0.186915887850467,0.58411214953271,"GGG"
"1105",2020,"Sailfin",1,0.343980343980344,0.15970515970516,0.496314496314496,"GGG"
"1106",2020,"Sailfin",2,0.281501340482574,0.249329758713137,0.46916890080429,"GGG"
"1107",2020,"Sailfin",3,0.187319884726225,0.106628242074928,0.706051873198847,"GGG"
"1108",2020,"Sailfin",4,0.235017626321974,0.18331374853114,0.581668625146886,"GGG"
"1109",2020,"Snapshot",1,0.217391304347826,0.154589371980676,0.628019323671498,"GGG"
"1110",2020,"Snapshot",2,0.23943661971831,0.309859154929577,0.450704225352113,"GGG"
"1111",2020,"Snapshot",3,0.22189349112426,0.414201183431953,0.363905325443787,"GGG"
"1112",2020,"Snapshot",4,0.216666666666667,0.325,0.458333333333333,"GGG"
"1113",2020,"WestPoint",1,0.146666666666667,0.613333333333333,0.24,"GGG"
"1114",2020,"WestPoint",2,0.241935483870968,0.532258064516129,0.225806451612903,"GGG"
"1115",2020,"WestPoint",3,0.0598086124401914,0.700956937799043,0.239234449760766,"MF"
"1116",2020,"WestPoint",4,0.155046043976696,0.58184551775982,0.263108438263484,"MF"
"1117",2021,"Coral City",1,0.0555555555555556,0.833333333333333,0.111111111111111,"CG"
"1118",2021,"Coral City",2,0.117647058823529,0.411764705882353,0.470588235294118,"CG"
"1119",2021,"Coral City",1,0.132315521628499,0.765903307888041,0.101781170483461,"GEC"
"1120",2021,"Coral City",2,0.0714285714285714,0.87987012987013,0.0487012987012987,"GEC"
"1121",2021,"Coral City",1,0.172018348623853,0.568807339449541,0.259174311926606,"GGG"
"1122",2021,"Coral City",2,0.324324324324324,0.581081081081081,0.0945945945945946,"GGG"
"1123",2021,"Coral City",3,0.4,0.327272727272727,0.272727272727273,"GGG"
"1124",2021,"Grundys",1,0.290322580645161,0.451612903225806,0.258064516129032,"CG"
"1125",2021,"Grundys",2,0.1,0.775,0.125,"CG"
"1126",2021,"Grundys",1,0.0673854447439353,0.932614555256065,0,"GEC"
"1127",2021,"Grundys",2,0.11864406779661,0.711864406779661,0.169491525423729,"GEC"
"1128",2021,"Grundys",1,0.32,0.32,0.36,"GGG"
"1129",2021,"Jigsaw",1,0.153846153846154,0.846153846153846,0,"CG"
"1130",2021,"Jigsaw",2,0.0714285714285714,0.928571428571429,0,"CG"
"1131",2021,"Jigsaw",1,0.0765306122448979,0.719387755102041,0.204081632653061,"GEC"
"1132",2021,"Jigsaw",1,0.242857142857143,0.271428571428571,0.485714285714286,"GGG"
"1133",2021,"Jigsaw",1,0.243506493506494,0.480519480519481,0.275974025974026,"sw"
"1134",2021,"Marilyns Cut",1,0.0277777777777778,0.805555555555556,0.166666666666667,"CG"
"1135",2021,"Marilyns Cut",2,0.176470588235294,0.676470588235294,0.147058823529412,"CG"
"1136",2021,"Marilyns Cut",1,0.0983606557377049,0.786885245901639,0.114754098360656,"GEC"
"1137",2021,"Marilyns Cut",1,0.2375,0.25,0.5125,"GGG"
"1138",2021,"Marilyns Cut",1,0.340044742729306,0.373601789709172,0.286353467561521,"sw"
"1139",2021,"Marthas",1,0.078125,0.828125,0.09375,"CG"
"1140",2021,"Marthas",1,0.075,0.675,0.25,"GEC"
"1141",2021,"Marthas",1,0.210355987055016,0.663430420711974,0.12621359223301,"GGG"
"1142",2021,"Marthas",1,0.112676056338028,0.698591549295775,0.188732394366197,"sw"
"1143",2021,"Meadows",1,0,1,0,"CG"
"1144",2021,"Meadows",2,0.125,0.875,0,"CG"
"1145",2021,"Meadows",1,0.0925925925925926,0.851851851851852,0.0555555555555556,"GEC"
"1146",2021,"Meadows",1,0.442622950819672,0.245901639344262,0.311475409836066,"GGG"
"1147",2021,"Meadows",1,0.0731707317073171,0.555555555555556,0.371273712737127,"sw"
"1148",2021,"Pauls Anchor",1,0.130434782608696,0.760869565217391,0.108695652173913,"CG"
"1149",2021,"Pauls Anchor",2,0.0455840455840456,0.726495726495726,0.227920227920228,"CG_SW"
"1150",2021,"Pauls Anchor",1,0.135593220338983,0.661016949152542,0.203389830508475,"GEC"
"1151",2021,"Pauls Anchor",1,0.214285714285714,0.166666666666667,0.619047619047619,"GGG"
"1152",2021,"Pauls Anchor",1,0.374677002583979,0.382428940568475,0.242894056847545,"sw"
"1153",2021,"Sailfin",1,0,0.971830985915493,0.028169014084507,"CG"
"1154",2021,"Sailfin",2,0.142857142857143,0.857142857142857,0,"CG"
"1155",2021,"Sailfin",1,0.147982062780269,0.695067264573991,0.15695067264574,"GEC"
"1156",2021,"Sailfin",1,0.433333333333333,0.216666666666667,0.35,"GGG"
"1157",2021,"Sailfin",1,0.491666666666667,0.294444444444444,0.213888888888889,"sw"
"1158",2021,"Snapshot",1,0,0.828571428571429,0.171428571428571,"CG"
"1159",2021,"Snapshot",2,0.32967032967033,0.43956043956044,0.230769230769231,"CG"
"1160",2021,"Snapshot",1,0.0708333333333333,0.616666666666667,0.3125,"GEC"
"1161",2021,"Snapshot",1,0.245901639344262,0.459016393442623,0.295081967213115,"GGG"
"1162",2021,"Snapshot",1,0.282958199356913,0.421221864951768,0.295819935691318,"sw"
"1163",2021,"Westpoint",1,0.459016393442623,0.245901639344262,0.295081967213115,"CG"
"1164",2021,"Westpoint",2,0.5,0.222222222222222,0.277777777777778,"CG"
"1165",2021,"Westpoint",1,0.188340807174888,0.730941704035874,0.0807174887892377,"GEC"
"1166",2021,"Westpoint",2,0.131147540983607,0.688524590163934,0.180327868852459,"GEC"
"1167",2021,"Westpoint",1,0.328358208955224,0.283582089552239,0.388059701492537,"GGG"
"1168",2021,"Westpoint",2,0.304878048780488,0.195121951219512,0.5,"GGG"
"1169",2022,"Coral City",1,0.294117647058824,0.695187165775401,0.0106951871657754,"AM"
"1170",2022,"Coral City",1,0.326086956521739,0.391304347826087,0.282608695652174,"GGG"
"1171",2022,"Coral City",2,0.346938775510204,0.510204081632653,0.142857142857143,"GGG"
"1172",2022,"Coral City",1,0.246153846153846,0.369230769230769,0.384615384615385,"ZP"
"1173",2022,"Grundys",1,0.0930232558139535,0.441860465116279,0.465116279069767,"AM"
"1174",2022,"Grundys",1,0.650793650793651,0.142857142857143,0.206349206349206,"GGG"
"1175",2022,"Grundys",2,0.267782426778243,0.251046025104602,0.481171548117155,"GGG"
"1176",2022,"Grundys",1,0.230769230769231,0.230769230769231,0.538461538461538,"ZP"
"1177",2022,"Jigsaw",1,0.368852459016393,0.491803278688525,0.139344262295082,"AM"
"1178",2022,"Jigsaw",1,0.560975609756098,0.365853658536585,0.0731707317073171,"AM/ZP"
"1179",2022,"Jigsaw",1,0.0952380952380952,0.380952380952381,0.523809523809524,"JLR"
"1180",2022,"Marilyns",1,0.533707865168539,0.353932584269663,0.112359550561798,"AM"
"1181",2022,"Marilyns Cut",1,0.625,0.1875,0.1875,"AM/ZP"
"1182",2022,"Marilyns Cut",1,0.291666666666667,0.222222222222222,0.486111111111111,"GGG"
"1183",2022,"Marilyns Cut",2,0.278169014084507,0.0704225352112676,0.651408450704225,"GGG"
"1184",2022,"Marthas",1,0.135135135135135,0.567567567567568,0.297297297297297,"AM"
"1185",2022,"Marthas",1,0.352941176470588,0.441176470588235,0.205882352941176,"AM/ZP"
"1186",2022,"Marthas",1,0,0.375,0.625,"JLR"
"1187",2022,"Meadows",1,0.275862068965517,0.206896551724138,0.517241379310345,"AM"
"1188",2022,"Meadows",1,0.674418604651163,0.27906976744186,0.0465116279069767,"AM/ZP"
"1189",2022,"Meadows",1,0.391304347826087,0.304347826086957,0.304347826086957,"JLR"
"1190",2022,"Sailfin",1,0.263157894736842,0.631578947368421,0.105263157894737,"AM"
"1191",2022,"Sailfin",1,0.340659340659341,0.10989010989011,0.549450549450549,"GGG"
"1192",2022,"Sailfin",2,0.418181818181818,0.290909090909091,0.290909090909091,"GGG"
"1193",2022,"Snapshot",1,0.4,0.4,0.2,"AM"
"1194",2022,"Snapshot",1,0.576271186440678,0.305084745762712,0.11864406779661,"GGG"
"1195",2022,"Snapshot",2,0.45,0.316666666666667,0.233333333333333,"GGG"
"1196",2022,"Snapshot",1,0.625,0.28125,0.09375,"ZP"
"1197",2022,"Westpoint",1,0.522727272727273,0.386363636363636,0.0909090909090909,"AM"
"1198",2022,"Westpoint",1,0.32258064516129,0.225806451612903,0.451612903225806,"GGG"
"1199",2022,"Westpoint",2,0.291666666666667,0.263888888888889,0.444444444444444,"GGG"
"1200",2022,"Westpoint",1,0.724137931034483,0.241379310344828,0.0344827586206897,"ZP"
"1201",2023,"Coral City",1,0.258823529411765,0.352941176470588,0.388235294117647,"Haley Davis"
"1202",2023,"Coral City",1,0.229166666666667,0.604166666666667,0.166666666666667,"LLG"
"1203",2023,"Grundys",1,0.439330543933054,0.257322175732218,0.303347280334728,"Haley Davis"
"1204",2023,"Grundys",1,0.390243902439024,0.585365853658537,0.024390243902439,"LLG"
"1205",2023,"Jigsaw",1,0.30188679245283,0.622641509433962,0.0754716981132075,"Haley Davis"
"1206",2023,"Jigsaw",1,0.153846153846154,0.507692307692308,0.338461538461538,"KE"
"1207",2023,"Marilyns Cut",1,0.133689839572193,0.705882352941176,0.160427807486631,"Haley Davis"
"1208",2023,"Marilyns Cut",1,0.0416666666666667,0.277777777777778,0.680555555555556,"KE"
"1209",2023,"Marilyns Cut",1,0.153846153846154,0.615384615384615,0.230769230769231,"LLG"
"1210",2023,"Marthas",1,0.290322580645161,0.709677419354839,0,"Haley Davis"
"1211",2023,"Marthas",1,0.352941176470588,0.450980392156863,0.196078431372549,"LLG"
"1212",2023,"Meadows",1,0.5662100456621,0.251141552511416,0.182648401826484,"Haley Davis"
"1213",2023,"Meadows",1,0.0612244897959184,0.183673469387755,0.755102040816326,"KE"
"1214",2023,"Meadows",1,0.191740412979351,0.660766961651917,0.147492625368732,"LLG"
"1215",2023,"Sailfin",1,0.315457413249211,0.17981072555205,0.504731861198738,"Haley Davis"
"1216",2023,"Sailfin",1,0.102941176470588,0.382352941176471,0.514705882352941,"KE"
"1217",2023,"Sailfin",1,0.476190476190476,0.357142857142857,0.166666666666667,"LLG"
"1218",2023,"Snapshot",1,0.483333333333333,0.516666666666667,0,"Haley Davis"
"1219",2023,"Snapshot",1,0.0380710659898477,0.50761421319797,0.454314720812183,"KE"
"1220",2023,"Snapshot",1,0.303030303030303,0.606060606060606,0.0909090909090909,"LLG"
"1221",2023,"Westpoint",1,0,1,0,"Haley Davis"
"1222",2023,"Westpoint",1,0.186046511627907,0.744186046511628,0.0697674418604651,"LLG"
