Year,Site,Location,Total Quadrats,Total Juveniles,Density per m2,Total Mon spp. complex,Density Mon spp complex,Total moncav,Density moncav,Total agaspp,Density agaspp,Total porast,Density porast,Total Branching POR spp,Density Branching POR spp,Total SID spp.,Density SID spp.,Total dipstr,Density dipstr,Total MAD spp.,Density MAD spp.,Total acrpal,Density acrpal,Total STE spp.,Density STE spp.,Total eusfas,Density eusfas,Total manare,Density manare,Total MYC spp.,Density MYC spp.,Total dicsto,Density dicsto,Total favfra,Density favfra,Total ISO spp,Density ISO spp,Total colnat,Density colnat,Total MEA spp.,Density MEA spp.,Total SOL spp,Density SOL spp,Total musang,Density musang,Total diplab,Density diplab,Unidentified massive corals,Density Unidentified Massive,Solitary corals,Density Solitary,
2006,Snapshot,n,60,321.00,5.35,28.00,0.47,0.00,0.00,85.00,1.42,78.00,1.30,29.00,0.48,82.00,1.37,1.00,0.02,0.00,0.00,0.00,0.00,2.00,0.03,4.00,0.07,5.00,0.08,7.00,0.12,0.00,0.00,0.00,0.00,0.00,0.00,0.00,0.00,0.00,0.00,0.00,0.00,0.00,0.00,0.00,0.00,0.00,0.00,0.00,0.00,
2006,Mixing Bowl,n,60,349.00,5.82,48.00,0.80,6.00,0.10,102.00,1.70,74.00,1.23,30.00,0.50,67.00,1.12,3.00,0.05,0.00,0.00,0.00,0.00,2.00,0.03,8.00,0.13,2.00,0.03,7.00,0.12,0.00,0.00,0.00,0.00,0.00,0.00,0.00,0.00,0.00,0.00,0.00,0.00,0.00,0.00,0.00,0.00,0.00,0.00,1.00,0.02,
2006,Coral City,s,60,250.00,4.17,20.00,0.33,4.00,0.07,57.00,0.95,49.00,0.82,20.00,0.33,82.00,1.37,3.00,0.05,5.00,0.08,1.00,0.02,4.00,0.07,3.00,0.05,1.00,0.02,1.00,0.02,0.00,0.00,0.00,0.00,0.00,0.00,0.00,0.00,0.00,0.00,0.00,0.00,0.00,0.00,0.00,0.00,0.00,0.00,2.00,0.03,
2006,Grundy's Garden,s,80,337.00,4.21,39.00,0.49,2.00,0.03,140.00,1.75,22.00,0.28,75.00,0.94,42.00,0.53,2.00,0.03,0.00,0.00,3.00,0.04,1.00,0.01,3.00,0.04,1.00,0.01,4.00,0.05,0.00,0.00,3.00,0.04,0.00,0.00,0.00,0.00,0.00,0.00,0.00,0.00,0.00,0.00,0.00,0.00,0.00,0.00,1.00,0.01,
2007,West Point,s,60,169.00,2.82,4.00,0.07,2.00,0.03,16.00,0.27,46.00,0.77,3.00,0.05,80.00,1.33,0.00,0.00,0.00,0.00,0.00,0.00,18.00,0.30,0.00,0.00,0.00,0.00,0.00,0.00,0.00,0.00,0.00,0.00,0.00,0.00,0.00,0.00,0.00,0.00,0.00,0.00,0.00,0.00,0.00,0.00,0.00,0.00,0.00,0.00,
2007,Lucas' Ledge,s,60,149.00,2.48,9.00,0.15,1.00,0.02,37.00,0.62,32.00,0.53,9.00,0.15,54.00,0.90,0.00,0.00,0.00,0.00,0.00,0.00,5.00,0.08,0.00,0.00,1.00,0.02,0.00,0.00,1.00,0.02,0.00,0.00,0.00,0.00,0.00,0.00,0.00,0.00,0.00,0.00,0.00,0.00,0.00,0.00,0.00,0.00,0.00,0.00,
2007,Jigsaw,n,60,305.00,5.08,21.00,0.35,3.00,0.05,81.00,1.35,92.00,1.53,21.00,0.35,57.00,0.95,0.00,0.00,6.00,0.10,0.00,0.00,1.00,0.02,10.00,0.17,10.00,0.17,0.00,0.00,3.00,0.05,0.00,0.00,0.00,0.00,0.00,0.00,0.00,0.00,0.00,0.00,0.00,0.00,0.00,0.00,0.00,0.00,0.00,0.00,
2007,Joy's Joy,n,60,267.00,4.45,10.00,0.17,4.00,0.07,65.00,1.08,124.00,2.07,17.00,0.28,13.00,0.22,0.00,0.00,10.00,0.17,0.00,0.00,0.00,0.00,4.00,0.07,4.00,0.07,6.00,0.10,7.00,0.12,1.00,0.02,2.00,0.03,0.00,0.00,0.00,0.00,0.00,0.00,0.00,0.00,0.00,0.00,0.00,0.00,1.00,0.02,
2007,Sailfin,n,60,298.00,4.97,12.00,0.20,3.00,0.05,70.00,1.17,128.00,2.13,20.00,0.33,42.00,0.70,2.00,0.03,0.00,0.00,0.00,0.00,2.00,0.03,1.00,0.02,6.00,0.10,3.00,0.05,9.00,0.15,0.00,0.00,0.00,0.00,0.00,0.00,0.00,0.00,0.00,0.00,0.00,0.00,0.00,0.00,0.00,0.00,4.00,0.07,
2007,Paul's Anchors,n,60,218.00,3.63,6.00,0.10,8.00,0.13,75.00,1.25,58.00,0.97,9.00,0.15,29.00,0.48,1.00,0.02,8.00,0.13,0.00,0.00,4.00,0.07,8.00,0.13,0.00,0.00,3.00,0.05,2.00,0.03,0.00,0.00,3.00,0.05,0.00,0.00,2.00,0.03,2.00,0.03,0.00,0.00,0.00,0.00,0.00,0.00,1.00,0.02,
2007,Rock Bottom Wall,n,91,268.00,2.95,10.00,0.11,7.00,0.08,71.00,0.78,63.00,0.69,19.00,0.21,55.00,0.60,0.00,0.00,6.00,0.07,0.00,0.00,16.00,0.18,4.00,0.04,7.00,0.08,7.00,0.08,2.00,0.02,1.00,0.01,0.00,0.00,0.00,0.00,0.00,0.00,0.00,0.00,0.00,0.00,0.00,0.00,0.00,0.00,15.00,0.16,
2009,Disney Land,s,20,75.00,3.75,0.00,0.00,1.00,0.05,24.00,1.20,2.00,0.10,0.00,0.00,4.00,0.20,0.00,0.00,31.00,1.55,0.00,0.00,5.00,0.25,0.00,0.00,0.00,0.00,2.00,0.10,1.00,0.05,0.00,0.00,0.00,0.00,0.00,0.00,0.00,0.00,0.00,0.00,0.00,0.00,0.00,0.00,0.00,0.00,5.00,0.25,
2009,The Edge,s,18,63.00,3.50,0.00,0.00,4.00,0.22,15.00,0.83,1.00,0.06,0.00,0.00,9.00,0.50,0.00,0.00,25.00,1.39,0.00,0.00,5.00,0.28,0.00,0.00,0.00,0.00,0.00,0.00,3.00,0.17,0.00,0.00,0.00,0.00,0.00,0.00,0.00,0.00,0.00,0.00,0.00,0.00,0.00,0.00,0.00,0.00,1.00,0.06,
2009,Shear Wall,n,18,39.00,2.17,0.00,0.00,1.00,0.06,13.00,0.72,0.00,0.00,0.00,0.00,1.00,0.06,0.00,0.00,15.00,0.83,0.00,0.00,2.00,0.11,0.00,0.00,0.00,0.00,2.00,0.11,1.00,0.06,0.00,0.00,0.00,0.00,0.00,0.00,0.00,0.00,0.00,0.00,0.00,0.00,0.00,0.00,1.00,0.06,3.00,0.17,
2009,Rock Bottom Wall,n,19,103.00,5.42,6.00,0.32,1.00,0.05,7.00,0.37,20.00,1.05,0.00,0.00,9.00,0.47,0.00,0.00,37.00,1.95,0.00,0.00,6.00,0.32,1.00,0.05,1.00,0.05,0.00,0.00,3.00,0.16,0.00,0.00,0.00,0.00,0.00,0.00,0.00,0.00,0.00,0.00,0.00,0.00,0.00,0.00,9.00,0.47,3.00,0.16,
2009,Paul's Anchors,n,15,172.00,11.47,1.00,0.07,7.00,0.47,85.00,5.67,54.00,3.60,1.00,0.07,2.00,0.13,0.00,0.00,8.00,0.53,3.00,0.20,1.00,0.07,3.00,0.20,3.00,0.20,2.00,0.13,1.00,0.07,0.00,0.00,0.00,0.00,0.00,0.00,0.00,0.00,0.00,0.00,0.00,0.00,0.00,0.00,1.00,0.07,1.00,0.07,
2009,Fish Eye,n,19,55.00,2.89,3.00,0.16,0.00,0.00,7.00,0.37,2.00,0.11,0.00,0.00,17.00,0.89,0.00,0.00,14.00,0.74,0.00,0.00,10.00,0.53,0.00,0.00,0.00,0.00,1.00,0.05,0.00,0.00,0.00,0.00,0.00,0.00,0.00,0.00,0.00,0.00,0.00,0.00,0.00,0.00,0.00,0.00,1.00,0.05,2.00,0.11,
2009,Cascades,n,18,56.00,3.11,6.00,0.33,0.00,0.00,5.00,0.28,14.00,0.78,0.00,0.00,9.00,0.50,0.00,0.00,14.00,0.78,0.00,0.00,4.00,0.22,0.00,0.00,0.00,0.00,0.00,0.00,2.00,0.11,0.00,0.00,0.00,0.00,0.00,0.00,0.00,0.00,0.00,0.00,0.00,0.00,0.00,0.00,1.00,0.06,1.00,0.06,
2009,Meadows,n,24,184.00,7.67,7.00,0.29,0.00,0.00,127.00,5.29,26.00,1.08,3.00,0.13,5.00,0.21,0.00,0.00,3.00,0.13,0.00,0.00,1.00,0.04,10.00,0.42,0.00,0.00,1.00,0.04,0.00,0.00,0.00,0.00,0.00,0.00,0.00,0.00,0.00,0.00,0.00,0.00,0.00,0.00,0.00,0.00,0.00,0.00,2.00,0.08,
2009,Coral City,s,23,128.00,5.57,4.00,0.17,1.00,0.04,26.00,1.13,40.00,1.74,3.00,0.13,46.00,2.00,0.00,0.00,0.00,0.00,0.00,0.00,6.00,0.26,0.00,0.00,0.00,0.00,1.00,0.04,0.00,0.00,0.00,0.00,0.00,0.00,0.00,0.00,0.00,0.00,0.00,0.00,0.00,0.00,0.00,0.00,0.00,0.00,2.00,0.09,
2009,Snapshot,n,19,134.00,7.05,1.00,0.05,0.00,0.00,29.00,1.53,37.00,1.95,4.00,0.21,57.00,3.00,0.00,0.00,0.00,0.00,0.00,0.00,0.00,0.00,0.00,0.00,1.00,0.05,1.00,0.05,0.00,0.00,0.00,0.00,0.00,0.00,2.00,0.11,0.00,0.00,0.00,0.00,0.00,0.00,0.00,0.00,0.00,0.00,2.00,0.11,
2009,Cumbers Caves,n,26,122.00,4.69,7.00,0.27,0.00,0.00,54.00,2.08,20.00,0.77,3.00,0.12,8.00,0.31,0.00,0.00,23.00,0.88,0.00,0.00,1.00,0.04,4.00,0.15,0.00,0.00,0.00,0.00,1.00,0.04,0.00,0.00,0.00,0.00,0.00,0.00,0.00,0.00,0.00,0.00,0.00,0.00,0.00,0.00,0.00,0.00,1.00,0.04,
2009,Nancy's cup of tea,n,21,145.00,6.90,2.00,0.10,0.00,0.00,64.00,3.05,25.00,1.19,8.00,0.38,31.00,1.48,0.00,0.00,7.00,0.33,0.00,0.00,4.00,0.19,0.00,0.00,0.00,0.00,2.00,0.10,2.00,0.10,0.00,0.00,0.00,0.00,0.00,0.00,0.00,0.00,0.00,0.00,0.00,0.00,0.00,0.00,0.00,0.00,0.00,0.00,
2009,Mixing Bowl,n,25,105.00,4.20,11.00,0.44,1.00,0.04,32.00,1.28,15.00,0.60,6.00,0.24,28.00,1.12,0.00,0.00,5.00,0.20,0.00,0.00,0.00,0.00,7.00,0.28,0.00,0.00,0.00,0.00,0.00,0.00,0.00,0.00,0.00,0.00,0.00,0.00,0.00,0.00,0.00,0.00,0.00,0.00,0.00,0.00,0.00,0.00,0.00,0.00,
2009,West Point,s,16,73.00,4.56,0.00,0.00,0.00,0.00,8.00,0.50,33.00,2.06,1.00,0.06,24.00,1.50,0.00,0.00,0.00,0.00,0.00,0.00,6.00,0.38,0.00,0.00,0.00,0.00,0.00,0.00,1.00,0.06,0.00,0.00,0.00,0.00,0.00,0.00,0.00,0.00,0.00,0.00,0.00,0.00,0.00,0.00,0.00,0.00,0.00,0.00,
2009,Bloody Bay,n,16,61.00,3.81,12.00,0.75,1.00,0.06,4.00,0.25,22.00,1.38,6.00,0.38,15.00,0.94,0.00,0.00,0.00,0.00,0.00,0.00,0.00,0.00,0.00,0.00,0.00,0.00,0.00,0.00,1.00,0.06,0.00,0.00,0.00,0.00,0.00,0.00,0.00,0.00,0.00,0.00,0.00,0.00,0.00,0.00,0.00,0.00,0.00,0.00,
2009,Head O'Bay,ls,19,55.00,2.89,6.00,0.32,0.00,0.00,1.00,0.05,0.00,0.00,12.00,0.63,36.00,1.89,0.00,0.00,0.00,0.00,0.00,0.00,0.00,0.00,0.00,0.00,0.00,0.00,0.00,0.00,0.00,0.00,0.00,0.00,0.00,0.00,0.00,0.00,0.00,0.00,0.00,0.00,0.00,0.00,0.00,0.00,0.00,0.00,0.00,0.00,
2009,Owen Island,ls,14,45.00,3.21,0.00,0.00,0.00,0.00,1.00,0.07,0.00,0.00,7.00,0.50,37.00,2.64,0.00,0.00,0.00,0.00,0.00,0.00,0.00,0.00,0.00,0.00,0.00,0.00,0.00,0.00,0.00,0.00,0.00,0.00,0.00,0.00,0.00,0.00,0.00,0.00,0.00,0.00,0.00,0.00,0.00,0.00,0.00,0.00,0.00,0.00,
2009,Grape Tree Bay MP,ln,17,39.00,2.29,4.00,0.24,0.00,0.00,0.00,0.00,2.00,0.12,9.00,0.53,23.00,1.35,0.00,0.00,0.00,0.00,0.00,0.00,1.00,0.06,0.00,0.00,0.00,0.00,0.00,0.00,0.00,0.00,0.00,0.00,0.00,0.00,0.00,0.00,0.00,0.00,0.00,0.00,0.00,0.00,0.00,0.00,0.00,0.00,0.00,0.00,
2009,Grape Tree Bay,ln,17,38.00,2.24,0.00,0.00,0.00,0.00,1.00,0.06,1.00,0.06,2.00,0.12,17.00,1.00,0.00,0.00,0.00,0.00,0.00,0.00,0.00,0.00,0.00,0.00,0.00,0.00,0.00,0.00,14.00,0.82,0.00,0.00,0.00,0.00,0.00,0.00,3.00,0.18,0.00,0.00,0.00,0.00,0.00,0.00,0.00,0.00,0.00,0.00,
2009,Preston Bay,ls,20,53.00,2.65,3.00,0.15,0.00,0.00,0.00,0.00,3.00,0.15,6.00,0.30,38.00,1.90,0.00,0.00,0.00,0.00,0.00,0.00,0.00,0.00,0.00,0.00,0.00,0.00,0.00,0.00,3.00,0.15,0.00,0.00,0.00,0.00,0.00,0.00,0.00,0.00,0.00,0.00,0.00,0.00,0.00,0.00,0.00,0.00,0.00,0.00,
2010,Coral City,s,8,37.00,4.63,2.00,0.25,0.00,0.00,11.00,1.38,13.00,1.63,11.00,1.38,8.00,1.00,0.00,0.00,0.00,0.00,0.00,0.00,0.00,0.00,0.00,0.00,0.00,0.00,0.00,0.00,0.00,0.00,0.00,0.00,0.00,0.00,0.00,0.00,0.00,0.00,0.00,0.00,0.00,0.00,0.00,0.00,0.00,0.00,37.00,4.63,
2010,Dynamite Dropoff,s,7,46.00,6.57,0.00,0.00,3.00,0.43,10.00,1.43,6.00,0.86,27.00,3.86,11.00,1.57,0.00,0.00,0.00,0.00,0.00,0.00,6.00,0.86,0.00,0.00,0.00,0.00,0.00,0.00,3.00,0.43,0.00,0.00,0.00,0.00,0.00,0.00,0.00,0.00,0.00,0.00,0.00,0.00,0.00,0.00,0.00,0.00,46.00,6.57,
2010,Grundy's Garden,s,8,96.00,12.00,0.00,0.00,0.00,0.00,13.00,1.63,13.00,1.63,70.00,8.75,58.00,7.25,0.00,0.00,0.00,0.00,0.00,0.00,3.00,0.38,0.00,0.00,0.00,0.00,0.00,0.00,5.00,0.63,0.00,0.00,0.00,0.00,0.00,0.00,0.00,0.00,0.00,0.00,0.00,0.00,0.00,0.00,3.00,0.38,96.00,12.00,
2010,Jigsaw,n,8,63.00,7.88,2.00,0.25,1.00,0.13,34.00,4.25,16.00,2.00,9.00,1.13,3.00,0.38,0.00,0.00,0.00,0.00,0.00,0.00,0.00,0.00,3.00,0.38,0.00,0.00,1.00,0.13,0.00,0.00,1.00,0.13,0.00,0.00,0.00,0.00,0.00,0.00,0.00,0.00,0.00,0.00,0.00,0.00,1.00,0.13,64.00,8.00,
2010,Joy's Joy,n,10,99.00,9.90,1.00,0.10,0.00,0.00,22.00,2.20,41.00,4.10,35.00,3.50,27.00,2.70,0.00,0.00,0.00,0.00,0.00,0.00,0.00,0.00,1.00,0.10,0.00,0.00,0.00,0.00,0.00,0.00,6.00,0.60,0.00,0.00,0.00,0.00,0.00,0.00,0.00,0.00,0.00,0.00,0.00,0.00,1.00,0.10,0.00,0.00,
2010,Lighthouse Reef,s,8,58.00,7.25,0.00,0.00,1.00,0.13,2.00,0.25,29.00,3.63,26.00,3.25,18.00,2.25,2.00,0.25,0.00,0.00,0.00,0.00,6.00,0.75,0.00,0.00,0.00,0.00,0.00,0.00,0.00,0.00,0.00,0.00,0.00,0.00,0.00,0.00,0.00,0.00,0.00,0.00,0.00,0.00,0.00,0.00,0.00,0.00,47.00,5.88,
2010,Lucas' Ledge,s,8,53.00,6.63,5.00,0.63,1.00,0.13,21.00,2.63,7.00,0.88,19.00,2.38,17.00,2.13,0.00,0.00,0.00,0.00,0.00,0.00,0.00,0.00,0.00,0.00,0.00,0.00,0.00,0.00,0.00,0.00,0.00,0.00,0.00,0.00,0.00,0.00,0.00,0.00,0.00,0.00,0.00,0.00,0.00,0.00,1.00,0.13,53.00,6.63,
2010,Meadows,n,8,52.00,6.50,0.00,0.00,1.00,0.13,43.00,5.38,4.00,0.50,3.00,0.38,0.00,0.00,0.00,0.00,0.00,0.00,0.00,0.00,0.00,0.00,2.00,0.25,0.00,0.00,0.00,0.00,0.00,0.00,0.00,0.00,0.00,0.00,0.00,0.00,0.00,0.00,0.00,0.00,0.00,0.00,0.00,0.00,2.00,0.25,53.00,6.63,
2010,Nancy's cup of tea,n,8,62.00,7.75,0.00,0.00,6.00,0.75,21.00,2.63,12.00,1.50,21.00,2.63,6.00,0.75,0.00,0.00,4.00,0.50,0.00,0.00,4.00,0.50,2.00,0.25,2.00,0.25,0.00,0.00,1.00,0.13,0.00,0.00,0.00,0.00,2.00,0.25,0.00,0.00,0.00,0.00,0.00,0.00,0.00,0.00,2.00,0.25,64.00,8.00,
2010,Paul's Anchors,n,8,99.00,12.38,0.00,0.00,1.00,0.13,24.00,3.00,37.00,4.63,34.00,4.25,19.00,2.38,0.00,0.00,1.00,0.13,0.00,0.00,2.00,0.25,2.00,0.25,0.00,0.00,1.00,0.13,1.00,0.13,0.00,0.00,0.00,0.00,0.00,0.00,0.00,0.00,0.00,0.00,0.00,0.00,0.00,0.00,6.00,0.75,102.00,12.75,
2010,Penguin's Leap,n,8,48.00,6.00,1.00,0.13,1.00,0.13,12.00,1.50,11.00,1.38,23.00,2.88,3.00,0.38,0.00,0.00,0.00,0.00,0.00,0.00,4.00,0.50,0.00,0.00,2.00,0.25,0.00,0.00,0.00,0.00,1.00,0.13,0.00,0.00,0.00,0.00,0.00,0.00,0.00,0.00,0.00,0.00,0.00,0.00,10.00,1.25,48.00,6.00,
2010,Richard's Reef,,8,56.00,7.00,0.00,0.00,0.00,0.00,16.00,2.00,15.00,1.88,24.00,3.00,12.00,1.50,5.00,0.63,0.00,0.00,0.00,0.00,4.00,0.50,0.00,0.00,0.00,0.00,0.00,0.00,3.00,0.38,0.00,0.00,0.00,0.00,0.00,0.00,0.00,0.00,0.00,0.00,0.00,0.00,0.00,0.00,1.00,0.13,56.00,7.00,
2010,Rock Bottom Wall,n,8,35.00,4.38,0.00,0.00,1.00,0.13,3.00,0.38,4.00,0.50,26.00,3.25,3.00,0.38,0.00,0.00,7.00,0.88,0.00,0.00,3.00,0.38,0.00,0.00,0.00,0.00,2.00,0.25,0.00,0.00,0.00,0.00,0.00,0.00,0.00,0.00,0.00,0.00,0.00,0.00,0.00,0.00,0.00,0.00,5.00,0.63,36.00,4.50,
2010,Soto Trader,s,7,85.00,12.14,1.00,0.14,2.00,0.29,26.00,3.71,2.00,0.29,54.00,7.71,42.00,6.00,0.00,0.00,0.00,0.00,0.00,0.00,6.00,0.86,1.00,0.14,0.00,0.00,3.00,0.43,0.00,0.00,0.00,0.00,0.00,0.00,0.00,0.00,0.00,0.00,0.00,0.00,0.00,0.00,0.00,0.00,0.00,0.00,85.00,12.14,
2011,Mixing Bowl,n,36,233.00,6.47,21.00,0.58,4.00,0.11,51.00,1.42,38.00,1.06,111.00,3.08,28.00,0.78,0.00,0.00,13.00,0.36,0.00,0.00,5.00,0.14,5.00,0.14,2.00,0.06,0.00,0.00,2.00,0.06,0.00,0.00,0.00,0.00,0.00,0.00,0.00,0.00,0.00,0.00,0.00,0.00,0.00,0.00,15.00,0.42,8.00,0.22,
2011,Snapshot,n,30,223.00,7.43,6.00,0.20,1.00,0.03,85.00,2.83,50.00,1.67,81.00,2.70,58.00,1.93,1.00,0.03,4.00,0.13,0.00,0.00,4.00,0.13,0.00,0.00,0.00,0.00,0.00,0.00,0.00,0.00,0.00,0.00,0.00,0.00,0.00,0.00,0.00,0.00,0.00,0.00,0.00,0.00,0.00,0.00,6.00,0.20,0.00,0.00,
2011,Coral City,s,30,153.00,5.10,6.00,0.20,2.00,0.07,54.00,1.80,26.00,0.87,67.00,2.23,41.00,1.37,2.00,0.07,3.00,0.10,0.00,0.00,2.00,0.07,2.00,0.07,0.00,0.00,0.00,0.00,1.00,0.03,0.00,0.00,0.00,0.00,0.00,0.00,0.00,0.00,0.00,0.00,0.00,0.00,0.00,0.00,4.00,0.13,0.00,0.00,
2011,Grundy's Garden,s,32,237.00,7.41,13.00,0.41,0.00,0.00,67.00,2.09,19.00,0.59,144.00,4.50,103.00,3.22,1.00,0.03,0.00,0.00,0.00,0.00,3.00,0.09,0.00,0.00,1.00,0.03,1.00,0.03,13.00,0.41,0.00,0.00,0.00,0.00,0.00,0.00,0.00,0.00,0.00,0.00,0.00,0.00,0.00,0.00,14.00,0.44,2.00,0.06,
2011,Meadows,n,30,249.00,8.30,13.00,0.43,3.00,0.10,117.00,3.90,40.00,1.33,72.00,2.40,11.00,0.37,1.00,0.03,39.00,1.30,0.00,0.00,3.00,0.10,4.00,0.13,0.00,0.00,0.00,0.00,4.00,0.13,0.00,0.00,0.00,0.00,0.00,0.00,0.00,0.00,0.00,0.00,0.00,0.00,0.00,0.00,8.00,0.27,4.00,0.13,
2011,West Point,s,30,123.00,4.10,0.00,0.00,2.00,0.07,24.00,0.80,31.00,1.03,66.00,2.20,35.00,1.17,0.00,0.00,0.00,0.00,0.00,0.00,10.00,0.33,0.00,0.00,0.00,0.00,0.00,0.00,10.00,0.33,0.00,0.00,0.00,0.00,0.00,0.00,0.00,0.00,0.00,0.00,0.00,0.00,0.00,0.00,5.00,0.17,0.00,0.00,
2011,Paul's Anchors,n,30,157.00,5.23,0.00,0.00,5.00,0.17,44.00,1.47,31.00,1.03,82.00,2.73,29.00,0.97,5.00,0.17,5.00,0.17,0.00,0.00,7.00,0.23,7.00,0.23,0.00,0.00,2.00,0.07,8.00,0.27,0.00,0.00,0.00,0.00,0.00,0.00,0.00,0.00,0.00,0.00,0.00,0.00,0.00,0.00,16.00,0.53,4.00,0.13,
2011,Sailfin,n,30,174.00,5.80,0.00,0.00,1.00,0.03,34.00,1.13,66.00,2.20,71.00,2.37,40.00,1.33,1.00,0.03,3.00,0.10,0.00,0.00,3.00,0.10,1.00,0.03,0.00,0.00,0.00,0.00,13.00,0.43,0.00,0.00,0.00,0.00,0.00,0.00,0.00,0.00,0.00,0.00,0.00,0.00,0.00,0.00,4.00,0.13,2.00,0.07,
2012,Coral City,s,30,127.00,4.23,0.00,0.00,2.00,0.07,0.00,0.00,21.00,0.70,21.00,0.70,66.00,2.20,1.00,0.03,0.00,0.00,0.00,0.00,5.00,0.17,1.00,0.03,0.00,0.00,0.00,0.00,0.00,0.00,0.00,0.00,0.00,0.00,0.00,0.00,0.00,0.00,0.00,0.00,0.00,0.00,0.00,0.00,21.00,0.70,0.00,0.00,
2012,Grundy's Garden,s,30,96.00,3.20,0.00,0.00,0.00,0.00,0.00,0.00,4.00,0.13,10.00,0.33,53.00,1.77,2.00,0.07,0.00,0.00,0.00,0.00,5.00,0.17,1.00,0.03,0.00,0.00,0.00,0.00,0.00,0.00,0.00,0.00,0.00,0.00,0.00,0.00,0.00,0.00,0.00,0.00,0.00,0.00,0.00,0.00,11.00,0.37,1.00,0.03,
2012,ICON Reef,n,30,128.00,4.27,0.00,0.00,0.00,0.00,0.00,0.00,23.00,0.77,24.00,0.80,40.00,1.33,0.00,0.00,0.00,0.00,0.00,0.00,1.00,0.03,2.00,0.07,0.00,0.00,0.00,0.00,11.00,0.37,2.00,0.07,0.00,0.00,0.00,0.00,0.00,0.00,0.00,0.00,0.00,0.00,0.00,0.00,24.00,0.80,0.00,0.00,
2012,Sailfin,n,30,125.00,4.17,0.00,0.00,0.00,0.00,0.00,0.00,25.00,0.83,18.00,0.60,26.00,0.87,1.00,0.03,0.00,0.00,0.00,0.00,1.00,0.03,1.00,0.03,0.00,0.00,0.00,0.00,3.00,0.10,0.00,0.00,1.00,0.03,0.00,0.00,0.00,0.00,0.00,0.00,0.00,0.00,0.00,0.00,18.00,0.60,1.00,0.03,
2012,West Point,s,30,89.00,2.97,0.00,0.00,2.00,0.07,0.00,0.00,16.00,0.53,6.00,0.20,44.00,1.47,1.00,0.03,0.00,0.00,0.00,0.00,13.00,0.43,0.00,0.00,0.00,0.00,0.00,0.00,0.00,0.00,1.00,0.03,0.00,0.00,0.00,0.00,0.00,0.00,0.00,0.00,0.00,0.00,1.00,0.03,6.00,0.20,0.00,0.00,
2012,Meadows,n,30,162.00,5.40,2.00,0.07,1.00,0.03,0.00,0.00,7.00,0.23,23.00,0.77,5.00,0.17,1.00,0.03,4.00,0.13,0.00,0.00,0.00,0.00,3.00,0.10,0.00,0.00,3.00,0.10,0.00,0.00,0.00,0.00,0.00,0.00,0.00,0.00,1.00,0.03,0.00,0.00,0.00,0.00,0.00,0.00,23.00,0.77,0.00,0.00,
2012,Jigsaw,n,30,109.00,3.63,2.00,0.07,1.00,0.03,0.00,0.00,16.00,0.53,17.00,0.57,30.00,1.00,9.00,0.30,3.00,0.10,0.00,0.00,1.00,0.03,1.00,0.03,0.00,0.00,1.00,0.03,0.00,0.00,0.00,0.00,0.00,0.00,0.00,0.00,0.00,0.00,0.00,0.00,0.00,0.00,1.00,0.03,17.00,0.57,1.00,0.03,
2012,Mixing Bowl,n,30,131.00,4.37,2.00,0.07,1.00,0.03,0.00,0.00,46.00,1.53,2.00,0.07,14.00,0.47,0.00,0.00,0.00,0.00,0.00,0.00,3.00,0.10,3.00,0.10,0.00,0.00,0.00,0.00,5.00,0.17,7.00,0.23,0.00,0.00,0.00,0.00,0.00,0.00,0.00,0.00,0.00,0.00,0.00,0.00,2.00,0.07,1.00,0.03,
2012,Paul's Anchors,n,30,137.00,4.57,1.00,0.03,3.00,0.10,0.00,0.00,29.00,0.97,15.00,0.50,12.00,0.40,0.00,0.00,1.00,0.03,0.00,0.00,3.00,0.10,6.00,0.20,0.00,0.00,3.00,0.10,9.00,0.30,5.00,0.17,0.00,0.00,0.00,0.00,0.00,0.00,0.00,0.00,0.00,0.00,0.00,0.00,15.00,0.50,2.00,0.07,
2012,Snapshot,n,30,122.00,4.07,3.00,0.10,0.00,0.00,0.00,0.00,23.00,0.77,18.00,0.60,46.00,1.53,0.00,0.00,0.00,0.00,0.00,0.00,0.00,0.00,1.00,0.03,0.00,0.00,0.00,0.00,1.00,0.03,1.00,0.03,0.00,0.00,0.00,0.00,0.00,0.00,0.00,0.00,0.00,0.00,0.00,0.00,18.00,0.60,0.00,0.00,
2013,Meadows,n,30,147.00,4.90,0.00,0.00,0.00,0.00,0.00,0.00,17.00,0.57,7.00,0.23,0.00,0.00,0.00,0.00,0.00,0.00,0.00,0.00,0.00,0.00,9.00,0.30,0.00,0.00,0.00,0.00,3.00,0.10,1.00,0.03,1.00,0.03,0.00,0.00,0.00,0.00,0.00,0.00,0.00,0.00,0.00,0.00,7.00,0.23,1.00,0.03,
2013,Snapshot,n,30,128.00,4.27,3.00,0.10,0.00,0.00,0.00,0.00,35.00,1.17,6.00,0.20,39.00,1.30,0.00,0.00,0.00,0.00,0.00,0.00,1.00,0.03,1.00,0.03,1.00,0.03,2.00,0.07,3.00,0.10,0.00,0.00,0.00,0.00,0.00,0.00,0.00,0.00,0.00,0.00,1.00,0.03,0.00,0.00,6.00,0.20,0.00,0.00,
2013,Sailfin,n,30,102.00,3.40,0.00,0.00,0.00,0.00,0.00,0.00,37.00,1.23,15.00,0.50,11.00,0.37,0.00,0.00,0.00,0.00,0.00,0.00,2.00,0.07,2.00,0.07,0.00,0.00,3.00,0.10,1.00,0.03,3.00,0.10,0.00,0.00,0.00,0.00,0.00,0.00,0.00,0.00,0.00,0.00,0.00,0.00,15.00,0.50,1.00,0.03,
2013,ICON Reef,n,30,108.00,3.60,1.00,0.03,0.00,0.00,0.00,0.00,50.00,1.67,0.00,0.00,21.00,0.70,0.00,0.00,0.00,0.00,0.00,0.00,0.00,0.00,0.00,0.00,0.00,0.00,1.00,0.03,4.00,0.13,0.00,0.00,0.00,0.00,0.00,0.00,0.00,0.00,2.00,0.07,0.00,0.00,0.00,0.00,0.00,0.00,0.00,0.00,
2013,Mixing Bowl,n,30,76.00,2.53,2.00,0.07,0.00,0.00,0.00,0.00,28.00,0.93,1.00,0.03,7.00,0.23,0.00,0.00,0.00,0.00,0.00,0.00,2.00,0.07,0.00,0.00,2.00,0.07,1.00,0.03,8.00,0.27,0.00,0.00,0.00,0.00,0.00,0.00,0.00,0.00,0.00,0.00,0.00,0.00,0.00,0.00,1.00,0.03,0.00,0.00,
2013,Coral City,s,30,78.00,2.60,1.00,0.03,3.00,0.10,0.00,0.00,20.00,0.67,0.00,0.00,25.00,0.83,2.00,0.07,0.00,0.00,0.00,0.00,7.00,0.23,1.00,0.03,1.00,0.03,1.00,0.03,0.00,0.00,0.00,0.00,0.00,0.00,0.00,0.00,0.00,0.00,0.00,0.00,0.00,0.00,0.00,0.00,0.00,0.00,0.00,0.00,
2013,Grundy's Garden,s,30,72.00,2.40,0.00,0.00,0.00,0.00,0.00,0.00,12.00,0.40,1.00,0.03,11.00,0.37,2.00,0.07,0.00,0.00,0.00,0.00,3.00,0.10,0.00,0.00,0.00,0.00,2.00,0.07,8.00,0.27,0.00,0.00,0.00,0.00,0.00,0.00,0.00,0.00,0.00,0.00,0.00,0.00,0.00,0.00,1.00,0.03,0.00,0.00,
2013,West Point,s,30,89.00,2.97,1.00,0.03,0.00,0.00,0.00,0.00,25.00,0.83,0.00,0.00,37.00,1.23,1.00,0.03,0.00,0.00,0.00,0.00,6.00,0.20,0.00,0.00,0.00,0.00,0.00,0.00,5.00,0.17,0.00,0.00,0.00,0.00,0.00,0.00,0.00,0.00,1.00,0.03,0.00,0.00,0.00,0.00,0.00,0.00,0.00,0.00,
2013,Paul's Anchors,n,30,96.00,3.20,0.00,0.00,3.00,0.10,0.00,0.00,32.00,1.07,4.00,0.13,23.00,0.77,0.00,0.00,2.00,0.07,0.00,0.00,3.00,0.10,4.00,0.13,0.00,0.00,0.00,0.00,11.00,0.37,0.00,0.00,1.00,0.03,0.00,0.00,1.00,0.03,1.00,0.03,0.00,0.00,0.00,0.00,4.00,0.13,2.00,0.07,
2013,Jigsaw,n,30,73.00,2.43,1.00,0.03,1.00,0.03,0.00,0.00,14.00,0.47,13.00,0.43,10.00,0.33,0.00,0.00,0.00,0.00,0.00,0.00,0.00,0.00,2.00,0.07,0.00,0.00,0.00,0.00,0.00,0.00,0.00,0.00,2.00,0.07,0.00,0.00,1.00,0.03,4.00,0.13,0.00,0.00,0.00,0.00,13.00,0.43,2.00,0.07,
2014,Meadows,n,30,102.00,3.40,9.00,0.30,0.00,0.00,67.00,2.23,15.00,0.50,11.00,0.37,3.00,0.10,1.00,0.03,0.00,0.00,0.00,0.00,0.00,0.00,0.00,0.00,0.00,0.00,0.00,0.00,0.00,0.00,1.00,0.03,0.00,0.00,0.00,0.00,0.00,0.00,0.00,0.00,0.00,0.00,0.00,0.00,3.00,0.10,3.00,0.10,
2014,Paul's Anchors,n,30,80.00,2.67,6.00,0.20,1.00,0.03,25.00,0.83,24.00,0.80,24.00,0.80,13.00,0.43,0.00,0.00,0.00,0.00,0.00,0.00,1.00,0.03,2.00,0.07,0.00,0.00,0.00,0.00,0.00,0.00,4.00,0.13,0.00,0.00,1.00,0.03,0.00,0.00,0.00,0.00,0.00,0.00,0.00,0.00,3.00,0.10,3.00,0.10,
2014,Jigsaw,n,30,71.00,2.37,9.00,0.30,0.00,0.00,17.00,0.57,25.00,0.83,19.00,0.63,12.00,0.40,0.00,0.00,0.00,0.00,0.00,0.00,1.00,0.03,2.00,0.07,0.00,0.00,0.00,0.00,0.00,0.00,0.00,0.00,0.00,0.00,1.00,0.03,0.00,0.00,0.00,0.00,0.00,0.00,0.00,0.00,3.00,0.10,3.00,0.10,
2014,ICON Reef,n,30,107.00,3.57,0.00,0.00,0.00,0.00,25.00,0.83,42.00,1.40,40.00,1.33,36.00,1.20,0.00,0.00,0.00,0.00,0.00,0.00,1.00,0.03,0.00,0.00,0.00,0.00,0.00,0.00,1.00,0.03,1.00,0.03,0.00,0.00,0.00,0.00,0.00,0.00,0.00,0.00,0.00,0.00,0.00,0.00,0.00,0.00,0.00,0.00,
2014,West Point,s,30,51.00,1.70,5.00,0.17,0.00,0.00,5.00,0.17,13.00,0.43,28.00,0.93,24.00,0.80,0.00,0.00,0.00,0.00,0.00,0.00,1.00,0.03,0.00,0.00,0.00,0.00,0.00,0.00,0.00,0.00,2.00,0.07,0.00,0.00,0.00,0.00,0.00,0.00,0.00,0.00,0.00,0.00,0.00,0.00,1.00,0.03,1.00,0.03,
2014,Grundy's Garden,s,30,51.00,1.70,3.00,0.10,0.00,0.00,22.00,0.73,5.00,0.17,21.00,0.70,18.00,0.60,0.00,0.00,0.00,0.00,0.00,0.00,0.00,0.00,0.00,0.00,0.00,0.00,0.00,0.00,0.00,0.00,0.00,0.00,0.00,0.00,1.00,0.03,0.00,0.00,0.00,0.00,0.00,0.00,0.00,0.00,1.00,0.03,1.00,0.03,
2014,Coral City,s,30,49.00,1.63,2.00,0.07,0.00,0.00,4.00,0.13,5.00,0.17,38.00,1.27,33.00,1.10,0.00,0.00,0.00,0.00,0.00,0.00,1.00,0.03,0.00,0.00,0.00,0.00,0.00,0.00,0.00,0.00,0.00,0.00,0.00,0.00,0.00,0.00,0.00,0.00,0.00,0.00,0.00,0.00,0.00,0.00,0.00,0.00,0.00,0.00,
2014,Snapshot,n,30,53.00,1.77,1.00,0.03,1.00,0.03,12.00,0.40,10.00,0.33,38.00,1.27,21.00,0.70,1.00,0.03,0.00,0.00,0.00,0.00,0.00,0.00,0.00,0.00,1.00,0.03,0.00,0.00,0.00,0.00,3.00,0.10,0.00,0.00,0.00,0.00,0.00,0.00,0.00,0.00,0.00,0.00,0.00,0.00,0.00,0.00,1.00,0.03,
2014,Mixing Bowl,n,30,59.00,1.97,2.00,0.07,3.00,0.10,17.00,0.57,24.00,0.80,13.00,0.43,11.00,0.37,0.00,0.00,0.00,0.00,0.00,0.00,0.00,0.00,0.00,0.00,0.00,0.00,0.00,0.00,0.00,0.00,1.00,0.03,0.00,0.00,0.00,0.00,0.00,0.00,0.00,0.00,0.00,0.00,0.00,0.00,1.00,0.03,0.00,0.00,
2014,Sailfin,n,30,109.00,3.63,1.00,0.03,0.00,0.00,19.00,0.63,41.00,1.37,48.00,1.60,38.00,1.27,0.00,0.00,0.00,0.00,0.00,0.00,0.00,0.00,0.00,0.00,0.00,0.00,0.00,0.00,5.00,0.17,1.00,0.03,0.00,0.00,0.00,0.00,0.00,0.00,0.00,0.00,0.00,0.00,1.00,0.03,2.00,0.07,1.00,0.03,
2015,Sailfin,n,30,199.00,6.63,4.00,0.13,1.00,0.03,52.00,1.73,69.00,2.30,73.00,2.43,43.00,1.43,0.00,0.00,2.00,0.07,0.00,0.00,0.00,0.00,1.00,0.03,0.00,0.00,0.00,0.00,13.00,0.43,0.00,0.00,0.00,0.00,0.00,0.00,0.00,0.00,0.00,0.00,0.00,0.00,1.00,0.03,1.00,0.03,0.00,0.00,
2015,Meadows,n,30,166.00,5.53,14.00,0.47,0.00,0.00,101.00,3.37,22.00,0.73,29.00,0.97,3.00,0.10,0.00,0.00,11.00,0.37,0.00,0.00,1.00,0.03,9.00,0.30,1.00,0.03,0.00,0.00,0.00,0.00,0.00,0.00,1.00,0.03,0.00,0.00,0.00,0.00,0.00,0.00,0.00,0.00,0.00,0.00,0.00,0.00,0.00,0.00,
2015,Mixing Bowl,n,30,71.00,2.37,0.00,0.00,2.00,0.07,16.00,0.53,19.00,0.63,34.00,1.13,19.00,0.63,0.00,0.00,2.00,0.07,0.00,0.00,1.00,0.03,2.00,0.07,0.00,0.00,2.00,0.07,3.00,0.10,0.00,0.00,0.00,0.00,0.00,0.00,0.00,0.00,0.00,0.00,0.00,0.00,1.00,0.03,1.00,0.03,0.00,0.00,
2015,ICON Reef,n,30,112.00,3.73,1.00,0.03,0.00,0.00,29.00,0.97,45.00,1.50,36.00,1.20,18.00,0.60,0.00,0.00,1.00,0.03,0.00,0.00,3.00,0.10,2.00,0.07,0.00,0.00,0.00,0.00,6.00,0.20,0.00,0.00,2.00,0.07,0.00,0.00,0.00,0.00,0.00,0.00,0.00,0.00,0.00,0.00,0.00,0.00,0.00,0.00,
2015,Coral City,n,30,143.00,4.77,2.00,0.07,4.00,0.13,22.00,0.73,41.00,1.37,73.00,2.43,53.00,1.77,0.00,0.00,1.00,0.03,0.00,0.00,1.00,0.03,9.00,0.30,0.00,0.00,0.00,0.00,0.00,0.00,0.00,0.00,0.00,0.00,0.00,0.00,0.00,0.00,0.00,0.00,0.00,0.00,0.00,0.00,9.00,0.30,9.00,0.30,
2015,Paul's Anchors,n,30,164.00,5.47,25.00,0.83,5.00,0.17,41.00,1.37,55.00,1.83,38.00,1.27,16.00,0.53,0.00,0.00,0.00,0.00,0.00,0.00,1.00,0.03,6.00,0.20,2.00,0.07,1.00,0.03,2.00,0.07,0.00,0.00,0.00,0.00,0.00,0.00,0.00,0.00,0.00,0.00,0.00,0.00,5.00,0.17,5.00,0.17,0.00,0.00,
2015,Snapshot,n,30,95.00,3.17,2.00,0.07,0.00,0.00,30.00,1.00,29.00,0.97,34.00,1.13,20.00,0.67,0.00,0.00,0.00,0.00,0.00,0.00,2.00,0.07,0.00,0.00,0.00,0.00,4.00,0.13,0.00,0.00,0.00,0.00,1.00,0.03,0.00,0.00,0.00,0.00,0.00,0.00,0.00,0.00,0.00,0.00,0.00,0.00,0.00,0.00,
2015,West Point,n,30,2.00,0.07,0.00,0.00,0.00,0.00,1.00,0.03,1.00,0.03,0.00,0.00,0.00,0.00,0.00,0.00,0.00,0.00,0.00,0.00,0.00,0.00,0.00,0.00,0.00,0.00,0.00,0.00,0.00,0.00,0.00,0.00,0.00,0.00,0.00,0.00,0.00,0.00,0.00,0.00,0.00,0.00,0.00,0.00,0.00,0.00,0.00,0.00,
2015,Grundy's Garden,n,30,43.00,1.43,0.00,0.00,1.00,0.03,20.00,0.67,5.00,0.17,17.00,0.57,7.00,0.23,0.00,0.00,0.00,0.00,0.00,0.00,0.00,0.00,2.00,0.07,1.00,0.03,0.00,0.00,0.00,0.00,0.00,0.00,0.00,0.00,0.00,0.00,0.00,0.00,0.00,0.00,0.00,0.00,0.00,0.00,0.00,0.00,0.00,0.00,
2016,Sailfin,n,30,169.00,5.63,1.00,0.03,1.00,0.03,33.00,1.10,63.00,2.10,71.00,2.37,47.00,1.57,0.00,0.00,0.00,0.00,0.00,0.00,0.00,0.00,2.00,0.07,2.00,0.07,1.00,0.03,15.00,0.50,0.00,0.00,0.00,0.00,0.00,0.00,0.00,0.00,0.00,0.00,0.00,0.00,0.00,0.00,0.00,0.00,0.00,0.00,
2016,Meadows,n,30,283.00,9.43,16.00,0.53,1.00,0.03,117.00,3.90,36.00,1.20,113.00,3.77,9.00,0.30,1.00,0.03,28.00,0.93,0.00,0.00,1.00,0.03,6.00,0.20,0.00,0.00,41.00,1.37,2.00,0.07,1.00,0.03,0.00,0.00,2.00,0.07,1.00,0.03,0.00,0.00,0.00,0.00,1.00,0.03,1.00,0.03,0.00,0.00,
2016,Mixing Bowl,n,30,170.00,5.67,8.00,0.27,2.00,0.07,37.00,1.23,41.00,1.37,81.00,2.70,24.00,0.80,0.00,0.00,10.00,0.33,0.00,0.00,4.00,0.13,2.00,0.07,0.00,0.00,17.00,0.57,2.00,0.07,1.00,0.03,3.00,0.10,0.00,0.00,2.00,0.07,0.00,0.00,0.00,0.00,1.00,0.03,1.00,0.03,0.00,0.00,
2016,ICON Reef,n,30,35.00,1.17,2.00,0.07,0.00,0.00,10.00,0.33,14.00,0.47,9.00,0.30,8.00,0.27,0.00,0.00,0.00,0.00,0.00,0.00,0.00,0.00,0.00,0.00,0.00,0.00,0.00,0.00,0.00,0.00,0.00,0.00,1.00,0.03,0.00,0.00,0.00,0.00,0.00,0.00,0.00,0.00,0.00,0.00,0.00,0.00,0.00,0.00,
2016,Coral City,n,30,63.00,2.10,1.00,0.03,0.00,0.00,18.00,0.60,13.00,0.43,31.00,1.03,17.00,0.57,0.00,0.00,1.00,0.03,0.00,0.00,1.00,0.03,0.00,0.00,0.00,0.00,0.00,0.00,1.00,0.03,0.00,0.00,0.00,0.00,0.00,0.00,0.00,0.00,0.00,0.00,0.00,0.00,1.00,0.03,1.00,0.03,0.00,0.00,
2016,Paul's Anchors,n,30,130.00,4.33,2.00,0.07,4.00,0.13,36.00,1.20,40.00,1.33,47.00,1.57,18.00,0.60,0.00,0.00,0.00,0.00,0.00,0.00,1.00,0.03,2.00,0.07,0.00,0.00,8.00,0.27,4.00,0.13,1.00,0.03,0.00,0.00,0.00,0.00,0.00,0.00,0.00,0.00,0.00,0.00,1.00,0.03,1.00,0.03,0.00,0.00,
2016,Jigsaw,n,30,0.00,0.00,2.00,0.07,2.00,0.07,53.00,1.77,45.00,1.50,54.00,1.80,33.00,1.10,1.00,0.03,0.00,0.00,0.00,0.00,0.00,0.00,2.00,0.07,0.00,0.00,2.00,0.07,2.00,0.07,0.00,0.00,0.00,0.00,0.00,0.00,0.00,0.00,2.00,0.07,0.00,0.00,1.00,0.03,5.00,0.17,4.00,0.13,
2016,Snapshot,n,30,146.00,4.87,0.00,0.00,0.00,0.00,66.00,2.20,43.00,1.43,37.00,1.23,13.00,0.43,0.00,0.00,3.00,0.10,0.00,0.00,0.00,0.00,0.00,0.00,0.00,0.00,3.00,0.10,0.00,0.00,0.00,0.00,0.00,0.00,0.00,0.00,0.00,0.00,0.00,0.00,0.00,0.00,0.00,0.00,0.00,0.00,0.00,0.00,
2016,West Point,n,30,161.00,5.37,2.00,0.07,2.00,0.07,30.00,1.00,45.00,1.50,78.00,2.60,38.00,1.27,1.00,0.03,7.00,0.23,0.00,0.00,5.00,0.17,0.00,0.00,0.00,0.00,0.00,0.00,1.00,0.03,1.00,0.03,0.00,0.00,0.00,0.00,0.00,0.00,0.00,0.00,0.00,0.00,1.00,0.03,1.00,0.03,1.00,0.03,
2016,Grundy's Garden,n,30,81.00,2.70,0.00,0.00,1.00,0.03,66.00,2.20,4.00,0.13,10.00,0.33,4.00,0.13,1.00,0.03,0.00,0.00,0.00,0.00,0.00,0.00,0.00,0.00,0.00,0.00,2.00,0.07,0.00,0.00,0.00,0.00,0.00,0.00,0.00,0.00,0.00,0.00,0.00,0.00,0.00,0.00,0.00,0.00,0.00,0.00,0.00,0.00,
,,,,,,,,,,,,,,,,,,,,,,,,,,,,,,,,,,,,,,,,,,,,,,,,,,,,
,,,,,,,,,,,,,,,,,,,,,,,,,,,,,,,,,,,,,,,,,,,,,,,,,,,,
,,,,,,,,,,,,,,,,,,,,,,,,,,,,,,,,,,,,,,,,,,,,,,,,,,,,
TOTALS (reef and lagoon),,,2925,"12,274.00", ,490.00,,141.00,,"3,027.00",,"2,908.00",,"2,745.00",,"2,710.00",,56.00, ,372.00, ,7.00, ,264.00, ,187.00, ,60.00, ,158.00, ,250.00, ,50.00, ,18.00, ,9.00, ,11.00, ,12.00, ,1.00, ,16.00, ,359.00, ,894.00, ,
% SPECIES JUVENILES,,,,,,3.99,,1.15,,24.66, ,23.69, ,22.36, ,22.08, ,0.46, ,3.03, ,0.06, ,2.15, ,1.52, ,0.49, ,1.29, ,2.04, ,0.41, ,0.15, ,0.07, ,0.09, ,0.10, ,0.01, ,0.13, ,2.92,,7.28,,
Average density (2006-16),,,,,4.60,,0.15,,0.06,,1.16,,1.06,,1.21,,1.07,,0.02,,0.16,,0.00,,0.12,,0.07,,0.02,,0.05,,0.10,,0.02,,0.01,,0.01,,0.00,,0.00,,0.00,,0.01,,0.15,,1.02,
Minimum Density (2006-16),,,,,0.00,,0.00,,0.00,,0.00,,0.00,,0.00,,0.00,,0.00,,0.00,,0.00,,0.00,,0.00,,0.00,,0.00,,0.00,,0.00,,0.00,,0.00,,0.00,,0.00,,0.00,,0.00,,0.00,,0.00,
Maximum Density (2006-16),,,,,12.38,,0.83,,0.75,,5.67,,4.63,,8.75,,7.25,,0.63,,1.95,,0.20,,0.86,,0.42,,0.25,,1.37,,0.82,,0.60,,0.10,,0.25,,0.18,,0.13,,0.03,,0.17,,1.25,,12.75,
,,,,,,,,,,,,,,,,,,,,,,,,,,,,,,,,,,,,,,,,,,,,,,,,,,,,
,,,,,,,,,,,,,,,,,,,,,,,,,,,,,,,,,,,,,,,,,,,,,,,,,,,,
Totals (Reef only),,,2838,"12,044.00",,477.00,,141.00,,"3,024.00",,"2,902.00",,"2,709.00",,"2,559.00",,56.00,,372.00,,7.00,,263.00,,187.00,,60.00,,158.00,,233.00,,50.00,,18.00,,9.00,,8.00,,12.00,,1.00,,16.00,,359.00,,894.00,,
% SPECIES JUVENILES,,,,,,3.96,,1.17,,25.11,,24.09,,22.49,,21.25,,0.46,,3.09,,0.06,,2.18,,1.55,,0.50,,1.31,,1.93,,0.42,,0.15,,0.07,,0.07,,0.10,,0.01,,0.13,,2.98,,7.42,,
Average density (2006-16),,,,,4.70,,0.15,,0.06,,1.21,,1.11,,1.25,,1.03,,0.02,,0.17,,0.00,,0.13,,0.07,,0.02,,0.06,,0.09,,0.02,,0.01,,0.01,,0.00,,0.00,,0.00,,0.01,,0.15,,1.07,
Minimum Density (2006-16),,,,,0.00,,0.00,,0.00,,0.00,,0.00,,0.00,,0.00,,0.00,,0.00,,0.00,,0.00,,0.00,,0.00,,0.00,,0.00,,0.00,,0.00,,0.00,,0.00,,0.00,,0.00,,0.00,,0.00,,0.00,
Maximum Density (2006-16),,,,,4.70,,0.15,,0.06,,1.21,,1.11,,1.25,,1.03,,0.02,,0.17,,0.00,,0.13,,0.07,,0.02,,0.06,,0.09,,0.02,,0.01,,0.01,,0.00,,0.00,,0.00,,0.01,,0.15,,1.07,
,,,,,,,,,,,,,,,,,,,,,,,,,,,,,,,,,,,,,,,,,,,,,,,,,,,,
,,,,,,,,,,,,,,,,,,,,,,,,,,,,,,,,,,,,,,,,,,,,,,,,,,,,
,,,,,,,,,,,,,,,,,,,,,,,,,,,,,,,,,,,,,,,,,,,,,,,,,,,,
